x,y,fb_velocity,fb_steering
-25.125954229488013,44.41987527562023,0.731525,0.0545068
-25.19926151430556,44.42751103722607,0.73712,0.0543497
-25.26546563503552,44.42809521678813,0.739218,0.0540355
-25.33256975576549,44.42607939635019,0.739218,0.0501085
-25.41087704058304,44.42661515795604,0.749708,0.045239
-25.477929579269205,44.420299337518095,0.752506,0.0461815
-25.53302737182399,44.42563826321153,0.762996,0.0417833
-25.58932516437877,44.41937402481738,0.758101,0.0229337
-25.64312295693356,44.41991295051083,0.744813,0.0218341
-25.69807233153214,44.41390029416047,0.734323,0.0219912
-25.74271854204313,44.41093921985391,0.728728,0.021677
-25.78996475255412,44.41648130963493,0.700054,0.0135089
-25.85736570919649,44.42172339941596,0.721035,0.00848232
-25.923569829926453,44.4199139071532,0.739218,0.00832524
-25.970516040437445,44.42265599693422,0.734323,0.00251328
-26.026562250948437,44.426298086715256,0.728728,0.0015708
-26.089114789634603,44.42328859445249,0.713342,0.00361284
-26.17337049240836,44.43068226627731,0.702852,0.00879648
-26.278535687444883,44.43212435605834,0.710544,0.00848232
-26.37334930043761,44.42276328175178,0.734323,0.0086394
-26.468411331386545,44.42270537153281,0.744813,0.00879648
-26.546067034160306,44.42204746131383,0.74761,0.00801108
-26.632725901021644,44.42534113313865,0.744813,0.00753984
-26.73579109605817,44.436937969051066,0.73712,0.00753984
-26.81539838087572,44.44308322291968,0.72663,0.00848232
-26.90210882978086,44.44357689474451,0.739218,0.00879648
-26.98756769664221,44.453173730656914,0.744813,0.00879648
-27.083929727591144,44.45296740248173,0.749708,0.00926772
-27.172688594452485,44.456912656350354,0.758101,0.0086394
-27.266599043357623,44.46015791021897,0.744813,0.00895356
-27.358709492262765,44.46280316408759,0.749708,0.0106814
-27.5383,44.4694,0.73712,0.0128806
-27.7463,44.4846,0.752506,0.0130376
-27.9481,44.4985,0.770689,0.0122522
-28.1648,44.5128,0.779081,0.00911064
-28.3812,44.5265,0.770689,0.00989604
-28.5929,44.5395,0.752506,0.0166505
-28.8032,44.5517,0.752506,0.017593
-29.0124,44.563,0.74761,0.0180642
-29.2267,44.5738,0.768591,0.0183784
-29.4428,44.5838,0.786774,0.0185354
-29.6436,44.5923,0.783977,0.0182213
-29.8511,44.6002,0.786774,0.0182213
-30.0518,44.6072,0.786774,0.0180642
-30.2612,44.6135,0.79167,0.0183784
-30.4651,44.6189,0.800062,0.0183784
-30.6775,44.6234,0.80216,0.017593
-30.884,44.6271,0.810552,0.0163363
-31.1029,44.6301,0.828735,0.0205775
-31.3132,44.6322,0.821043,0.017593
-31.5304,44.6335,0.821043,0.00094248
-31.7366,44.634,0.804957,-0.00753984
-31.9495,44.634,0.804957,-0.0047124
-32.1578,44.6342,0.81265,-0.00801108
-32.3746,44.6346,0.821043,-0.00738276
-32.5847,44.6351,0.823141,-0.00518364
-32.8014,44.6357,0.818245,-0.00361284
-33.0081,44.6363,0.804957,-0.00361284
-33.221,44.6368,0.804957,-0.00376992
-33.43,44.6371,0.823141,-0.00408408
-33.6309,44.6372,0.842023,-0.00361284
-33.8333,44.6374,0.844121,-0.00298452
-34.0367,44.6375,0.852513,-0.00219912
-34.2413,44.6377,0.852513,-0.0015708
-34.4466,44.6378,0.863004,-0.00141372
-34.6537,44.6377,0.863004,-0.00141372
-34.8614,44.6374,0.883985,-0.0023562
-35.0734,44.6372,0.886083,-0.00282744
-35.286,44.6369,0.886083,-0.0023562
-35.4999,44.6366,0.891677,-0.00172788
-35.711,44.6361,0.875592,-0.00172788
-35.9222,44.6355,0.881187,-0.00172788
-36.133,44.6346,0.875592,-0.0023562
-36.343,44.6337,0.875592,-0.0023562
-36.5537,44.6327,0.881187,0.00031416
-36.7642,44.6317,0.865102,0.00141372
-36.9724,44.6304,0.873494,0.00141372
-37.1812,44.6286,0.844121,0.0015708
-37.3844,44.6266,0.842023,0.0007854
-37.5868,44.6241,0.842023,0.00047124
-37.7899,44.6211,0.846919,0.00031416
-37.9956,44.6177,0.860206,0.00047124
-38.2025,44.614,0.863004,0.00062832
-38.4088,44.61,0.857409,0.0007854
-38.6153,44.6058,0.863004,0.00094248
-38.8224,44.6012,0.863004,0.00062832
-39.0297,44.596,0.867899,0.00062832
-39.2384,44.5904,0.875592,0.00109956
-39.4486,44.5843,0.881187,0.00376992
-39.66,44.5775,0.883985,0.00753984
-39.872,44.57,0.883985,0.00722568
-40.0738,44.5621,0.883985,0.00753984
-40.2877,44.5528,0.896573,0.00691152
-40.5001,44.5426,0.881187,0.0062832
-40.7122,44.5316,0.88888,0.00659736
-40.9274,44.5194,0.907063,0.00675444
-41.1446,44.5061,0.904965,0.00753984
-41.3619,44.4919,0.912658,0.00769692
-41.5802,44.4768,0.904965,0.00753984
-41.7967,44.461,0.89937,0.00753984
-42.0121,44.4445,0.886083,0.00958188
-42.11932946214184,44.41721158447712,0.886083,0.00989604
-42.23753831255734,44.411513797080985,0.88888,0.0105244
-42.32275011311132,44.41261527215024,0.886083,0.00848232
-42.410761544898,44.4090171159868,0.896573,0.00329868
-42.513371870382734,44.40511895982336,0.896573,0.0031416
-42.60772299999499,44.39939699997161,0.907063,0.00329868
-42.81022299999499,44.38599699997161,0.907063,0.00251328
-43.02592299999499,44.37129699997161,0.89937,-0.0070686
-43.240322999994994,44.35649699997161,0.894475,-0.00801108
-43.45422299999499,44.34159699997161,0.891677,-0.00816816
-43.72426473752794,44.33745210628357,0.891677,-0.00816816
-43.93556399999331,44.33285099998163,0.912658,-0.00801108
-44.15376399999332,44.31915063121431,0.912658,-0.0109956
-44.37926326245869,44.30964989367969,0.907063,-0.0125664
-44.593563631226,44.30824841861044,0.917554,-0.0125664
-44.79926399999332,44.324550999981625,0.907063,-0.0122522
-45.01616399999332,44.30655099998162,0.912658,-0.0120952
-45.23456399999331,44.28855099998163,0.912658,-0.0119381
-45.47026252492407,44.28664952491238,0.920351,-0.0226195
-45.7261,44.2929,0.920351,-0.0245045
-45.9317,44.2764,0.923148,-0.0241903
-46.1531,44.2591,0.928044,-0.0224624
-46.3528,44.2439,0.925946,-0.0227766
-46.5583,44.2366,0.917554,-0.0227766
-46.7631,44.2211,0.928044,-0.0223054
-46.9633,44.2061,0.928044,-0.0210487
-47.1687,44.1908,0.917554,-0.0197921
-47.3752,44.1762,0.930841,-0.0174359
-47.5835,44.1609,0.938534,-0.0172788
-47.7864,44.146,0.936436,-0.0169646
-47.9951,44.1309,0.944129,-0.0169646
-48.1968,44.126,0.944129,-0.01775
-48.407,44.1118,0.941332,-0.0179071
-48.6102,44.0984,0.941332,-0.0172788
-48.8206,44.0848,0.944129,-0.0163363
-49.0247,44.072,0.954619,-0.0160222
-49.2445,44.0557,0.951822,-0.0139801
-49.4501,44.0434,0.951822,-0.00738276
-49.6631,44.0313,0.954619,-0.00753984
-49.8674,44.0198,0.941332,-0.00722568
-50.077,44.0037,0.951822,-0.0062832
-50.2895,43.9915,0.938534,-0.00502656
-50.4922,43.9798,0.938534,-0.00534072
-50.7023,43.9673,0.941332,-0.00534072
-50.9148,43.9501,0.951822,-0.00675444
-51.1193,43.9381,0.944129,-0.00675444
-51.3313,43.9259,0.959515,-0.00455532
-51.5452,43.916,0.959515,-0.00172788
-51.752,43.9038,0.936436,-0.00141372
-51.9611,43.8908,0.936436,-0.00109956
-52.162,43.8778,0.928044,-0.0015708
-52.3646,43.8645,0.930841,-0.00172788
-52.5656,43.851,0.928044,-0.00094248
-52.7726,43.8368,0.938534,-0.00062832
-52.9753,43.8228,0.938534,-0.0007854
-53.1771,43.8113,0.949024,-0.00188496
-53.3814,43.7974,0.944129,-0.00188496
-53.5931,43.7829,0.954619,-0.0015708
-53.8008,43.7684,0.978397,-0.0015708
-54.0164,43.7532,0.988888,-0.00031416
-54.2301,43.7382,0.988888,0.00109956
-54.4515,43.7225,0.993783,0.00015708
-54.6669,43.7071,0.999378,0.00015708
-54.8828,43.6938,0.990986,0.00015708
-55.1029,43.6775,0.983293,0.00047124
-55.3151,43.6615,0.9756,0.00439824
-55.5325,43.6448,0.980495,0.00486948
-55.7451,43.6281,0.980495,0.00408408
-55.963,43.6104,0.978397,-0.00408408
-56.1749,43.5926,0.983293,-0.00753984
-56.3873,43.5741,0.98609,-0.0086394
-56.6068,43.5554,0.988888,-0.00848232
-56.8202,43.5373,0.988888,-0.00801108
-57.0407,43.5184,0.990986,-0.007854
-57.2565,43.4998,1.00427,-0.00486948
-57.4741,43.4869,1.00148,-0.00534072
-57.6742,43.4696,0.999378,-0.00565488
-57.8735,43.4523,0.999378,-0.00565488
-58.089,43.4392,1.00987,-0.00455532
-58.2909,43.4213,1.01476,-0.00439824
-58.4937,43.4032,1.02525,-0.0047124
-58.6976,43.3849,1.01476,-0.00251328
-58.8998,43.3668,1.01476,-0.00267036
-59.1046,43.3484,1.03295,-0.00219912
-59.3105,43.3271,1.04344,-0.00109956
-59.5189,43.3078,1.05183,-0.00141372
-59.7283,43.2882,1.05183,-0.00219912
-59.9388,43.2684,1.05952,-0.00816816
-60.1529,43.2469,1.07001,-0.0130376
-60.3661,43.2263,1.07491,-0.0130376
-60.5801,43.2059,1.07491,-0.0125664
-60.794,43.1855,1.07491,-0.0120952
-61.0084,43.1649,1.0805,-0.0124093
-61.2228,43.1507,1.09099,-0.0122522
-61.422,43.1321,1.09099,-0.0144514
-61.6369,43.1121,1.07771,-0.0193208
-61.8499,43.0926,1.05952,-0.0193208
-62.0612,43.0738,1.07001,-0.0130376
-62.3252,43.0469,1.07001,-0.0111527
-62.5387,43.028,1.07281,-0.0102102
-62.7531,43.009,1.0833,-0.00675444
-62.9686,42.9896,1.07491,-0.00722568
-63.1828,42.9706,1.07491,-0.0094248
-63.398,42.9579,1.07771,-0.0094248
-63.6134,42.9387,1.0833,-0.00926772
-63.8292,42.9191,1.0833,-0.00879648
-64.0449,42.8995,1.0833,-0.00973896
-64.2542,42.884,1.0805,-0.00926772
-64.4688,42.864,1.07491,-0.00958188
-64.6835,42.8434,1.0805,-0.00879648
-64.8982,42.8231,1.09379,-0.00769692
-65.1129,42.806,1.09379,-0.0114668
-65.3297,42.7844,1.0854,-0.0230908
-65.5466,42.763,1.09589,-0.0265465
-65.7647,42.7421,1.09379,-0.0262324
-65.9826,42.7221,1.09379,-0.021677
-66.201,42.7029,1.09869,-0.0161792
-66.4141,42.6914,1.10918,-0.0153938
-66.6352,42.6724,1.12246,-0.0147655
-66.8587,42.6529,1.12246,-0.0127235
-67.081,42.6328,1.11477,-0.0124093
-67.2876,42.6133,1.11197,-0.0114668
-67.4903,42.596,1.11197,-0.0130376
-67.7132,42.5773,1.11967,-0.0207346
-67.9384,42.5592,1.13575,-0.0243474
-68.1388,42.5439,1.13295,-0.0234049
-68.346,42.528,1.13295,-0.0227766
-68.546,42.5141,1.13295,-0.0223054
-68.7534,42.5004,1.15114,-0.0205775
-68.957,42.4875,1.15114,-0.0199492
-69.1684,42.4748,1.15883,-0.0197921
-69.3732,42.4736,1.15673,-0.0191638
-69.5842,42.4621,1.15673,-0.0191638
-69.7886,42.4516,1.15394,-0.0190067
-69.9988,42.4415,1.14834,-0.017593
-70.2021,42.4323,1.13575,-0.0153938
-70.4107,42.4228,1.13575,-0.0147655
-70.6108,42.4146,1.12526,-0.0144514
-70.8162,42.4066,1.12736,-0.013666
-71.0417,42.3982,1.12736,-0.0135089
-71.2559,42.3738,1.13295,-0.00895356
-71.4631,42.3667,1.14065,-0.00282744
-71.6652,42.36,1.14065,-0.00204204
-71.8729,42.3532,1.13575,-0.00188496
-72.0729,42.3467,1.11477,-0.00188496
-72.29,42.3383,1.11477,-0.00188496
-72.5067,42.3302,1.0805,-0.00141372
-72.7178,42.3214,1.04623,0.00109956
-72.928,42.3122,1.06442,0.00376992
-73.1286,42.297,1.07771,0.00361284
-73.3435,42.2862,1.07771,0.00361284
-73.5592,42.2748,1.0805,0.00361284
-73.774,42.2633,1.06442,0.00345576
-73.9869,42.2513,1.07771,0.00361284
-74.1996,42.2354,1.07771,0.00361284
-74.4013,42.2231,1.09589,0.00361284
-74.6215,42.2093,1.11197,0.00376992
-74.8433,42.1949,1.10918,0.00219912
-75.0484,42.1839,1.10918,0.00109956
-75.2672,42.169,1.0882,0.00109956
-75.4837,42.1537,1.0805,0.00219912
-75.6992,42.1384,1.06442,0.00282744
-75.9114,42.1227,1.06442,0.00282744
-76.1247,42.1053,1.07001,0.00298452
-76.3382,42.0883,1.07001,0.00219912
-76.5514,42.0709,1.07491,0.00219912
-76.7657,42.0531,1.07491,0.00267036
-76.9722,42.0223,1.06232,0.00298452
-77.1848,42.0036,1.07771,0.00282744
-77.4,41.9842,1.10148,0.00282744
-77.6187,41.9643,1.10148,0.00282744
-77.8195,41.9458,1.10148,0.00219912
-78.0387,41.9254,1.0854,0.0023562
-78.2548,41.9052,1.0833,0.00267036
-78.4702,41.8844,1.0833,0.00267036
-78.6841,41.8633,1.06722,0.00298452
-78.9089,41.841,1.07001,0.00094248
-79.1221,41.8195,1.0805,0.0
-79.337,41.7979,1.0805,-0.00109956
-79.5487,41.776,1.05673,-0.00062832
-79.76,41.754,1.06722,-0.00439824
-79.9669,41.7298,1.0833,-0.00691152
-80.1822,41.7071,1.0833,-0.00675444
-80.3977,41.6845,1.0833,-0.0109956
-80.6134,41.6621,1.0854,-0.0119381
-80.8195,41.643,1.10428,-0.00518364
-81.0391,41.6199,1.10428,-0.003927
-81.257,41.5968,1.09379,-0.00376992
-81.4737,41.5736,1.0805,-0.00439824
-81.688,41.5501,1.07491,-0.00345576
-81.8965,41.5306,1.07491,-0.00816816
-82.1088,41.5063,1.06722,-0.0108385
-82.3226,41.4816,1.0854,-0.0149226
-82.5382,41.4568,1.0854,-0.0163363
-82.7539,41.4321,1.0854,-0.0163363
-82.9592,41.4008,1.09379,-0.0166505
-83.1756,41.3763,1.0833,-0.0163363
-83.3912,41.3521,1.09379,-0.0161792
-83.6086,41.3281,1.09379,-0.0152368
-83.826,41.3042,1.09379,-0.0160222
-84.0376,41.2923,1.11197,-0.0180642
-84.2587,41.2684,1.11197,-0.0328297
-84.4799,41.2454,1.11197,-0.0367567
-84.6979,41.2241,1.09099,-0.0240332
-84.9057,41.2167,1.10638,-0.02152
-85.1262,41.1967,1.09099,-0.02152
-85.3433,41.1776,1.09099,-0.02152
-85.5598,41.159,1.0854,-0.0219912
-85.7769,41.141,1.09379,-0.0212058
-85.9851,41.1291,1.09099,-0.0202633
-86.2028,41.1142,1.09099,-0.0197921
-86.4184,41.1001,1.07771,-0.0194779
-86.6324,41.0866,1.06442,-0.0185354
-86.8543,41.0651,1.05952,-0.0171217
-87.0659,41.0522,1.05952,-0.0171217
-87.2803,41.0396,1.07771,-0.0171217
-87.4974,41.0273,1.09379,-0.0150797
-87.7194,41.0112,1.09589,-0.0130376
-87.9382,40.9993,1.09589,-0.0122522
-88.1559,40.9876,1.0882,-0.0119381
-88.3742,40.9764,1.09589,-0.0114668
-88.5927,40.9656,1.0882,-0.0103673
-88.8062,40.959,1.0882,-0.00753984
-89.0248,40.9485,1.09379,-0.0031416
-89.2435,40.9378,1.09589,0.00801108
-89.4628,40.9268,1.10638,0.00973896
-89.7228,40.9153,1.10918,0.00958188
-89.9243,40.9037,1.10918,0.00832524
-90.1435,40.8901,1.09099,0.00848232
-90.3612,40.8758,1.09099,0.00691152
-90.5789,40.8602,1.09379,0.00408408
-90.7943,40.8445,1.09379,0.00125664
-91.0116,40.8275,1.0882,-0.00188496
-91.2267,40.8102,1.07001,-0.00408408
-91.4401,40.7929,1.06442,-0.00361284
-91.6521,40.7754,1.06442,-0.00267036
-91.8652,40.7679,1.05393,-0.00267036
-92.0768,40.7495,1.07001,-0.00895356
-92.2901,40.7307,1.07491,-0.0166505
-92.5043,40.712,1.07491,-0.0213629
-92.7041,40.6949,1.10638,-0.0229337
-92.9201,40.6848,1.09379,-0.023562
-93.1379,40.6672,1.0833,-0.0245045
-93.354,40.6502,1.0833,-0.0271748
-93.5715,40.6335,1.09379,-0.0317302
-93.7897,40.6177,1.09379,-0.0380134
-93.9907,40.6122,1.09379,-0.0419404
-94.209,40.5993,1.09379,-0.0425687
-94.4268,40.5882,1.0882,-0.0458674
-94.6438,40.5789,1.0833,-0.0637745
-94.8584,40.5765,1.07491,-0.0852944
-95.0732,40.5725,1.07491,-0.0890644
-95.2886,40.5722,1.07771,-0.0890644
-95.505,40.5757,1.0882,-0.0865511
-95.7162,40.5808,1.07771,-0.0860798
-95.9314,40.5917,1.07771,-0.0852944
-96.1477,40.6059,1.0854,-0.0851374
-96.3636,40.6233,1.07771,-0.0857657
-96.5778,40.6441,1.07281,-0.0931484
-96.7943,40.6612,1.07281,-0.0933055
-97.0089,40.6905,1.0854,-0.0929914
-97.2222,40.7235,1.07491,-0.0928343
-97.4357,40.7603,1.07491,-0.0926772
-97.6452,40.8002,1.07491,-0.0926772
-97.8603,40.8244,1.07001,-0.0926772
-98.0712,40.8716,1.09099,-0.0926772
-98.2835,40.923,1.09869,-0.0926772
-98.496,40.9785,1.09869,-0.0931484
-98.7076,41.0378,1.09869,-0.09629
-98.919,41.0994,1.10918,-0.0964471
-99.1311,41.168,1.12246,-0.094248
-99.3204,41.2336,1.12246,-0.0933055
-99.5117,41.3038,1.12246,-0.0931484
-99.6987,41.3759,1.12526,-0.0926772
-99.9019,41.4537,1.10918,-0.092363
-100.106,41.5406,1.10918,-0.088436
-100.309,41.6318,1.11687,-0.0878077
-100.51,41.7262,1.09589,-0.084352
-100.692,41.8247,1.09589,-0.0600046
-100.887,41.9245,1.09589,-0.0590621
-101.078,42.0249,1.07001,-0.0508939
-101.266,42.126,1.05673,-0.0457103
-101.462,42.2381,1.06442,-0.0453961
-101.647,42.3424,1.06442,-0.0447678
-101.83,42.4467,1.04903,-0.0436682
-102.012,42.5529,1.05952,-0.0405266
-102.194,42.6608,1.05393,-0.0405266
-102.38,42.7745,1.05393,-0.0387988
-102.56,42.8842,1.05393,-0.0380134
-102.737,42.994,1.03295,-0.0307877
-102.912,43.1041,1.02805,-0.0232478
-103.085,43.2147,1.04344,-0.00534072
-103.259,43.3246,1.04344,-0.00267036
-103.434,43.437,1.04134,-0.00251328
-103.61,43.5491,1.05183,-0.00486948
-103.787,43.6619,1.05183,-0.00455532
-103.967,43.7754,1.06232,-0.00439824
-104.148,43.8892,1.06442,0.0
-104.328,44.0026,1.06722,0.00062832
-104.508,44.1162,1.06722,0.00879648
-104.689,44.2297,1.06722,0.0086394
-104.866,44.3433,1.05393,0.00439824
-105.042,44.453,1.02246,-0.00031416
-105.217,44.5612,1.02805,0.0
-105.393,44.6689,1.02805,0.0007854
-105.578,44.7846,1.01476,-0.0031416
-105.753,44.8902,1.02246,-0.00659736
-105.928,44.9964,1.02805,-0.011781
-106.103,45.1032,1.02805,-0.0119381
-106.279,45.2104,1.02805,-0.00408408
-106.456,45.3222,1.03854,-0.00015708
-106.634,45.4309,1.04134,0.00141372
-106.812,45.5395,1.05673,0.003927
-106.992,45.649,1.05673,0.00251328
-107.17,45.7569,1.03574,-0.00047124
-107.354,45.8767,1.05183,-0.00439824
-107.551,45.9962,1.04623,-0.00612612
-107.73,46.1049,1.04623,-0.0114668
-107.907,46.2127,1.03574,-0.0070686
-108.092,46.3265,1.03574,-0.00691152
-108.269,46.4344,1.04134,-0.00989604
-108.447,46.5429,1.04134,-0.00848232
-108.624,46.6515,1.04134,-0.00361284
-108.804,46.7612,1.05183,0.00973896
-108.98,46.872,1.03854,0.0105244
-109.159,46.9787,1.03854,0.0130376
-109.337,47.0845,1.03854,0.0122522
-109.516,47.1898,1.03854,0.0155509
-109.694,47.2886,1.03574,0.0260753
-109.873,47.3924,1.02246,0.066759
-110.051,47.4933,1.02246,0.0970754
-110.231,47.5912,1.02246,0.107443
-110.412,47.685,1.02036,0.107443
-110.606,47.7753,1.01476,0.103044
-110.79,47.8606,1.01476,0.103673
-110.976,47.9421,1.01197,0.0890644
-111.193,48.032,1.01756,0.0944051
-111.385,48.1042,1.03295,0.090321
-111.58,48.1726,1.03854,0.0879648
-111.777,48.2377,1.03854,0.0878077
-111.975,48.299,1.03085,0.088279
-112.169,48.3666,1.03854,0.0876506
-112.371,48.4219,1.01476,0.0879648
-112.569,48.4724,1.01476,0.0925201
-112.764,48.5182,1.00148,0.0928343
-112.962,48.569,1.00427,0.092363
-113.178,48.6108,0.993783,0.0911064
-113.394,48.6483,1.00707,0.0860798
-113.593,48.679,1.00707,0.0782258
-113.794,48.7063,1.01476,0.0675444
-114.022,48.7339,1.00987,0.0634603
-114.222,48.7548,0.996581,0.0596904
-114.442,48.7744,0.996581,0.0497944
-114.658,48.7904,0.983293,0.0469669
-114.867,48.7931,0.951822,0.0370709
-115.092,48.8048,0.933639,0.0315731
-115.314,48.8141,0.920351,0.035343
-115.518,48.8207,0.923148,0.0444536
-115.719,48.8272,0.917554,0.0307877
-115.922,48.8309,0.944129,0.0163363
-116.129,48.8338,0.944129,0.0188496
-116.344,48.8293,0.972803,0.0284315
-116.553,48.83,0.951822,0.031416
-116.782,48.829,0.954619,0.0139801
-117.013,48.8265,0.96511,0.0047124
-117.226,48.8146,0.980495,0.00486948
-117.462,48.8116,0.98609,-0.0122522
-117.679,48.8088,0.972803,0.0166505
-117.893,48.8062,0.954619,0.0174359
-118.111,48.8241,0.954619,0.0191638
-118.322,48.8203,0.967907,0.0135089
-118.533,48.8156,0.938534,0.0
-118.741,48.81,0.9756,-0.0131947
-118.942,48.7968,1.00987,-0.0122522
-119.163,48.7905,1.00987,-0.0103673
-119.364,48.7846,0.999378,-0.00848232
-119.583,48.7778,0.983293,-0.00832524
-119.8,48.7707,0.993783,-0.0169646
-120.018,48.7644,0.996581,-0.0161792
-120.237,48.7574,0.996581,-0.011781
-120.456,48.7506,0.996581,-0.00439824
-120.676,48.7436,1.00148,-0.0130376
-120.888,48.7154,0.999378,-0.0131947
-121.089,48.7098,1.00707,-0.0130376
-121.31,48.7037,1.01756,-0.0119381
-121.513,48.6986,1.01756,-0.0125664
-121.75,48.6893,1.02525,-0.00502656
-121.955,48.6835,1.03085,0.00958188
-122.161,48.677,1.02805,0.00895356
-122.367,48.6693,1.02805,0.00408408
-122.575,48.6609,1.04903,0.00204204
-122.778,48.6576,1.06232,-0.011781
-122.991,48.6489,1.06442,-0.00361284
-123.203,48.6404,1.06442,0.00109956
-123.415,48.6316,1.05952,-0.0114668
-123.627,48.6225,1.05673,-0.0122522
-123.862,48.6021,1.07281,-0.0127235
-124.076,48.5929,1.07281,-0.011781
-124.292,48.5839,1.0805,-0.0109956
-124.508,48.575,1.0882,-0.0105244
-124.747,48.5672,1.0854,-0.0070686
-124.963,48.5582,1.0805,-0.0062832
-125.179,48.5495,1.0805,-0.00502656
-125.394,48.541,1.07281,-0.00188496
-125.603,48.5289,1.07281,0.00267036
-125.817,48.521,1.0805,0.0047124
-126.033,48.5128,1.0805,0.00015708
-126.249,48.5044,1.0805,0.00047124
-126.466,48.4986,1.0854,0.0015708
-126.683,48.4885,1.09589,0.00455532
-126.902,48.4781,1.09589,0.00345576
-127.122,48.4671,1.10148,0.00424116
-127.342,48.4555,1.10148,0.00408408
-127.542,48.4406,1.0805,0.003927
-127.758,48.4298,1.0805,-0.00015708
-127.972,48.4188,1.07001,0.00094248
-128.193,48.384,1.0854,0.00015708
-128.41,48.3716,1.0805,0.00329868
-128.626,48.359,1.0805,0.00408408
-128.847,48.3457,1.11477,0.00424116
-129.07,48.332,1.11687,0.00329868
-129.293,48.3179,1.12246,-0.00094248
-129.493,48.3074,1.12246,-0.00801108
-129.716,48.2926,1.11687,-0.0100531
-129.94,48.2777,1.13295,-0.00958188
-130.166,48.2626,1.13295,-0.0114668
-130.374,48.2551,1.13295,-0.0199492
-130.598,48.24,1.11967,-0.0252899
-130.82,48.2259,1.10638,-0.0230908
-131.041,48.2126,1.11197,-0.0210487
-131.28,48.1999,1.10148,-0.01775
-131.5,48.1879,1.10148,-0.00926772
-131.723,48.1761,1.11967,-0.00879648
-131.946,48.1645,1.11687,-0.00895356
-132.17,48.1529,1.10638,-0.00911064
-132.389,48.1428,1.10638,-0.00832524
-132.61,48.1316,1.10638,-0.00973896
-132.832,48.1203,1.11687,-0.0124093
-133.055,48.109,1.12246,-0.0127235
-133.289,48.0775,1.10638,-0.0127235
-133.511,48.0687,1.10638,-0.0127235
-133.736,48.0597,1.13575,-0.0139801
-133.962,48.0506,1.11197,-0.0144514
-134.184,48.0418,1.10918,-0.0144514
-134.406,48.0331,1.10918,-0.0144514
-134.629,48.0246,1.12246,-0.0144514
-134.854,48.0162,1.11967,-0.0161792
-135.061,48.02,1.11967,-0.0208916
-135.285,48.0095,1.12526,-0.00832524
-135.51,47.9992,1.12736,-0.00361284
-135.737,47.989,1.14624,-0.00361284
-135.94,47.9709,1.14624,-0.00455532
-136.167,47.9603,1.12526,-0.00486948
-136.391,47.9497,1.10918,-0.00659736
-136.612,47.939,1.10918,-0.00691152
-136.835,47.9279,1.11477,-0.00659736
-137.038,47.9195,1.13016,-0.0169646
-137.263,47.9093,1.13575,-0.0172788
-137.491,47.8997,1.13575,-0.0135089
-137.718,47.8905,1.13295,-0.00612612
-137.92,47.881,1.12526,-0.00219912
-138.144,47.8728,1.12246,-0.00219912
-138.368,47.8641,1.10148,-0.00267036
-138.589,47.8554,1.10148,-0.00298452
-138.814,47.8439,1.11687,-0.00424116
-139.037,47.8333,1.12246,-0.00408408
-139.262,47.8222,1.12246,-0.00329868
-139.489,47.8106,1.14345,-0.00282744
-139.718,47.7985,1.14345,-0.00219912
-139.954,47.739,1.13575,-0.0153938
-140.174,47.7306,1.13575,-0.0146084
-140.417,47.7216,1.15394,-0.0144514
-140.648,47.7136,1.15394,-0.0152368
-140.849,47.7354,1.13016,-0.0155509
-141.075,47.7262,1.13016,-0.0158651
-141.299,47.7172,1.12246,-0.0174359
-141.522,47.7085,1.10638,-0.01775
-141.75,47.7173,1.13295,-0.0169646
-141.976,47.7082,1.13575,-0.0158651
-142.203,47.6994,1.13575,-0.015708
-142.428,47.6908,1.11967,-0.0150797
-142.651,47.6823,1.11967,-0.0155509
-142.888,47.684,1.12246,-0.0150797
-143.113,47.6762,1.12246,-0.0128806
-143.337,47.6688,1.11967,-0.0070686
-143.561,47.6617,1.13295,-0.00534072
-143.783,47.6633,1.14065,-0.00298452
-144.011,47.656,1.14065,-0.00361284
-144.237,47.6485,1.12246,-0.00376992
-144.459,47.6412,1.14834,-0.00376992
-144.703,47.6351,1.15673,-0.0031416
-144.934,47.626,1.16443,-0.00188496
-145.167,47.6167,1.16443,-0.00534072
-145.369,47.6021,1.16722,-0.00675444
-145.602,47.5935,1.16932,-0.00722568
-145.836,47.5849,1.16932,-0.00675444
-146.07,47.5764,1.17492,-0.0122522
-146.303,47.5678,1.16932,-0.0122522
-146.504,47.5541,1.16932,-0.0135089
-146.738,47.5462,1.16932,-0.0180642
-146.97,47.5389,1.14834,-0.0182213
-147.2,47.5321,1.16932,-0.0179071
-147.434,47.5257,1.17771,-0.0113098
-147.64,47.5451,1.17771,-0.00644028
-147.876,47.5379,1.18541,-0.0062832
-148.113,47.5309,1.17212,-0.00816816
-148.347,47.5242,1.17212,-0.00722568
-148.583,47.5187,1.1959,-0.00125664
-148.821,47.5119,1.17771,0.00486948
-149.056,47.505,1.16443,0.0062832
-149.29,47.498,1.16443,-0.0070686
-149.515,47.4846,1.16932,-0.0062832
-149.749,47.4783,1.17212,-0.00612612
-149.985,47.4722,1.1882,0.00109956
-150.222,47.4659,1.1882,0.00361284
-150.461,47.4593,1.1959,0.00424116
-150.698,47.4524,1.17981,0.00486948
-150.934,47.4447,1.17492,0.00911064
-151.168,47.4367,1.17492,0.00895356
-151.404,47.4279,1.17771,0.00973896
-151.64,47.4182,1.18261,0.00958188
-151.877,47.3777,1.19869,0.00848232
-152.115,47.3657,1.18541,0.00219912
-152.354,47.3528,1.18541,-0.00062832
-152.592,47.3398,1.1959,-0.00911064
-152.822,47.3571,1.20918,-0.0125664
-153.064,47.3437,1.21408,-0.0122522
-153.306,47.3308,1.21408,-0.0122522
-153.547,47.3186,1.20359,-0.0103673
-153.789,47.3071,1.21967,-0.0102102
-154.036,47.2901,1.18541,-0.00879648
-154.272,47.2798,1.18541,-0.0070686
-154.513,47.2692,1.21967,-0.0114668
-154.755,47.2584,1.1931,-0.011781
-154.956,47.2367,1.23017,-0.011781
-155.202,47.2295,1.23017,-0.011781
-155.448,47.2222,1.23017,-0.0114668
-155.694,47.2148,1.23017,-0.0119381
-155.956,47.2175,1.21967,-0.0193208
-156.199,47.2096,1.21967,-0.0191638
-156.443,47.2022,1.22457,-0.0179071
-156.689,47.195,1.23226,-0.0179071
-156.935,47.1878,1.22457,-0.0174359
-157.18,47.1729,1.22457,-0.01775
-157.426,47.1648,1.23506,-0.01775
-157.627,47.1583,1.25324,-0.0169646
-157.827,47.1523,1.25884,-0.0146084
-158.027,47.1469,1.25884,-0.00659736
-158.248,47.1844,1.23017,-0.00486948
-158.494,47.1777,1.23017,-0.0031416
-158.738,47.1707,1.21967,-0.0031416
-158.981,47.1635,1.20639,-0.0023562
-159.181,47.1696,1.21967,-0.00125664
-159.423,47.1622,1.21967,0.00219912
-159.667,47.1541,1.21967,0.00141372
-159.911,47.1455,1.21967,0.00109956
-160.155,47.1369,1.22737,0.0007854
-160.404,47.159,1.22737,0.0
-160.648,47.1479,1.23017,0.00062832
-160.894,47.1365,1.23017,0.00094248
-161.139,47.1247,1.23017,0.00094248
-161.387,47.1123,1.24555,0.00062832
-161.599,47.0701,1.25115,0.00031416
-161.799,47.0606,1.25115,0.00062832
-161.999,47.0511,1.25324,0.00062832
-162.199,47.0414,1.23017,0.00047124
-162.445,47.0287,1.23017,0.00329868
-162.691,47.0157,1.23017,0.00518364
-162.937,47.0021,1.22737,0.00518364
-163.182,46.9878,1.23017,0.00455532
-163.427,46.9728,1.23017,0.00424116
-163.628,46.96,1.23017,0.00329868
-163.839,46.9661,1.24555,0.00282744
-164.039,46.9528,1.24555,0.00062832
-164.287,46.936,1.24275,-0.00267036
-164.534,46.9185,1.23506,-0.0135089
-164.769,46.909,1.23506,-0.0131947
-165.015,46.8909,1.23506,-0.0135089
-165.215,46.8763,1.25115,-0.0161792
-165.415,46.8618,1.24066,-0.0174359
-165.661,46.8443,1.24066,-0.0174359
-165.903,46.8332,1.25115,-0.0172788
-166.103,46.8191,1.25884,-0.0163363
-166.304,46.805,1.25884,-0.0158651
-166.505,46.7911,1.24275,-0.015708
-166.751,46.7743,1.23017,-0.0158651
-166.985,46.7439,1.24835,-0.0158651
-167.232,46.7308,1.24835,-0.0166505
-167.432,46.7204,1.25324,-0.0142943
-167.632,46.7101,1.25324,-0.0135089
-167.833,46.6998,1.24275,-0.0135089
-168.079,46.6869,1.23786,-0.0139801
-168.326,46.6748,1.21967,-0.0186925
-168.569,46.6631,1.21967,-0.0188496
-168.811,46.6514,1.20918,-0.0186925
-169.039,46.6077,1.22457,-0.0186925
-169.283,46.5937,1.23017,-0.0188496
-169.529,46.58,1.23017,-0.0193208
-169.729,46.5691,1.26373,-0.0193208
-169.931,46.5584,1.26164,-0.0179071
-170.161,46.5523,1.26164,-0.0150797
-170.363,46.5421,1.25884,-0.0147655
-170.565,46.5319,1.25884,-0.0147655
-170.767,46.522,1.25604,-0.0149226
-170.968,46.5126,1.26373,-0.013666
-171.168,46.5034,1.26373,-0.013823
-171.387,46.5064,1.24555,-0.013823
-171.588,46.4983,1.25115,-0.013823
-171.788,46.4901,1.25115,-0.0191638
-172.035,46.48,1.23226,-0.0223054
-172.243,46.4744,1.23226,-0.0223054
-172.445,46.4665,1.28262,-0.0223054
-172.648,46.4589,1.27982,-0.0218341
-172.853,46.4515,1.27982,-0.0218341
-173.054,46.4445,1.25324,-0.0218341
-173.257,46.4374,1.25324,-0.021677
-173.458,46.4381,1.24835,-0.021677
-173.658,46.4324,1.26933,-0.0213629
-173.859,46.4271,1.26933,-0.0213629
-174.062,46.4219,1.26653,-0.0213629
-174.264,46.4169,1.26653,-0.0210487
-174.496,46.3927,1.25324,-0.0210487
-174.697,46.3885,1.26164,-0.0210487
-174.899,46.3847,1.26164,-0.0210487
-175.1,46.3814,1.25884,-0.0201062
-175.301,46.3787,1.24555,-0.0197921
-175.548,46.3834,1.24555,-0.00879648
-175.795,46.3826,1.23226,-0.00282744
-176.043,46.3822,1.24555,-0.00581196
-176.244,46.3818,1.24835,-0.00581196
-176.485,46.3781,1.24835,-0.00565488
-176.687,46.3786,1.24835,-0.00486948
-176.934,46.3796,1.24275,-0.00188496
-177.135,46.3804,1.24275,0.0015708
-177.358,46.3834,1.23506,0.0023562
-177.603,46.3821,1.22737,0.00455532
-177.848,46.3805,1.18541,0.0054978
-178.086,46.3784,1.18541,0.00644028
-178.324,46.3756,1.1931,0.00911064
-178.551,46.3354,1.18541,0.00911064
-178.789,46.3329,1.15394,0.0105244
-179.02,46.3301,1.15394,0.013823
-179.25,46.3266,1.15114,0.013823
-179.474,46.3345,1.16443,0.013666
-179.707,46.3284,1.15673,0.0133518
-179.938,46.3213,1.15673,0.00581196
-180.171,46.3136,1.16932,0.00267036
-180.405,46.3058,1.16722,0.0
-180.622,46.2842,1.18261,0.0
-180.859,46.2763,1.18261,0.0
-181.093,46.2684,1.16722,-0.0031416
-181.325,46.2608,1.15114,-0.00518364
-181.541,46.2583,1.13295,-0.0168076
-181.767,46.2507,1.13295,-0.0358142
-181.991,46.2435,1.11967,-0.0598475
-182.217,46.2378,1.13785,-0.0878077
-182.444,46.2345,1.11687,-0.106029
-182.68,46.2504,1.11687,-0.121266
-182.901,46.2537,1.10148,-0.132261
-183.122,46.2625,1.11197,-0.132576
-183.344,46.277,1.10428,-0.132418
-183.562,46.3021,1.10428,-0.131005
-183.782,46.3279,1.10428,-0.131005
-184.001,46.359,1.11197,-0.144042
-184.22,46.3959,1.10428,-0.15441
-184.437,46.4391,1.0833,-0.16352
-184.664,46.4809,1.0833,-0.161635
-184.88,46.5436,1.12736,-0.161635
-185.092,46.6136,1.10428,-0.159122
-185.301,46.6908,1.07491,-0.158337
-185.5,46.7721,1.06722,-0.158337
-185.698,46.8679,1.06722,-0.158337
-185.891,46.9629,1.0882,-0.15818
-186.086,47.0671,1.10918,-0.15818
-186.279,47.1777,1.11197,-0.15818
-186.468,47.2949,1.11197,-0.15818
-186.651,47.4056,1.10638,-0.15818
-186.832,47.5329,1.0882,-0.15818
-187.006,47.6641,1.0882,-0.15818
-187.173,47.7858,1.07001,-0.15818
-187.333,47.9232,1.05952,-0.15818
-187.489,48.066,1.02805,-0.157237
-187.636,48.209,1.02805,-0.156452
-187.776,48.3534,1.00148,-0.144199
-187.913,48.5095,0.993783,-0.103044
-188.045,48.6608,0.996581,-0.0596904
-188.198,48.8413,0.978397,-0.0237191
-188.348,49.0211,0.96511,-0.00094248
-188.495,49.197,0.990986,0.0260753
-188.624,49.3506,0.990986,0.0527789
-188.755,49.5045,1.02036,0.0548209
-188.888,49.6568,0.999378,0.0557634
-189.044,49.8313,0.933639,0.0557634
-189.212,49.9664,0.938534,0.0680156
-189.37,50.1272,0.938534,0.131162
-189.522,50.2767,0.883985,0.230593
-189.68,50.4213,0.896573,0.340549
-189.846,50.5366,0.902168,0.404638
-190.025,50.6594,0.902168,0.409036
-190.208,50.7635,0.860206,0.409193
-190.394,50.8482,0.842023,0.408565
-190.587,50.913,0.839226,0.408565
-190.785,50.9641,0.896573,0.408565
-190.997,50.9997,0.920351,0.408408
-191.218,51.0162,0.857409,0.408408
-191.423,51.0123,0.857409,0.407308
-191.648,50.9804,0.807755,0.404952
-191.869,50.9323,0.828735,0.397727
-192.061,50.8727,0.760199,0.377777
-192.257,50.7931,0.739218,0.310861
-192.439,50.6946,0.744813,0.245359
-192.62,50.5878,0.776284,0.23185
-192.801,50.4665,0.789572,0.224624
-192.978,50.334,0.79167,0.217085
-193.146,50.2058,0.770689,0.211116
-193.306,50.0602,0.776284,0.208288
-193.457,49.9091,0.74761,0.209545
-193.578,49.7279,0.72663,0.209231
-193.704,49.5727,0.702852,0.218341
-193.832,49.4014,0.6504,0.237034
-193.952,49.2224,0.684668,0.266879
-194.071,49.0437,0.758101,0.288085
-194.17,48.8543,0.770689,0.294368
-194.256,48.6612,0.723832,0.314474
-194.34744763640936,48.495471454614005,0.721035,0.322171
-194.40644763640933,48.31841909102334,0.773486,0.322014
-194.497342909228,48.12276672743267,0.818245,0.322485
-194.61613345486532,47.89656672743267,0.825938,0.323742
-194.71592400050267,47.661142909228005,0.80216,0.324213
-194.73437163691204,47.44614290922801,0.74761,0.324213
-194.70764781870736,47.22961909102335,0.734323,0.320129
-194.63447636409333,46.996771454614,0.765794,0.319972
-194.5435810912747,46.80811909102334,0.776284,0.313689
-194.42596200025136,46.5469,0.765794,0.296881
-194.328514363842,46.32515236359067,0.718237,0.282116
-194.2096190910233,46.1376,0.728728,0.273005
-194.06,45.954,0.762996,0.230908
-193.95,45.7675,0.797265,0.193837
-193.827,45.5862,0.797265,0.191166
-193.698,45.4064,0.781179,0.179542
-193.563,45.2332,0.786774,0.151896
-193.42,45.0618,0.810552,0.132104
-193.27,44.9129,0.821043,0.113569
-193.134,44.7644,0.836428,0.117339
-192.976,44.6001,0.821043,0.116868
-192.824,44.445,0.821043,0.117339
-192.679,44.3071,0.828735,0.117496
-192.507,44.1521,0.839226,0.128963
-192.348,44.0053,0.891677,0.125978
-192.179,43.8681,0.920351,0.119695
-192.003,43.7337,0.949024,0.120323
-191.819,43.5998,0.951822,0.116239
-191.623,43.4705,0.967907,0.07854
-191.426,43.375271454614,0.936436,0.0799537
-191.237,43.29044290922801,0.959515,0.0940909
-191.038,43.18406672743268,0.959515,0.119538
-190.839,43.08471436384201,0.98609,0.122208
-190.63955236359067,43.00263818204668,1.01197,0.120637
-190.4331047271813,42.91253818204668,0.990986,0.115611
-190.231828545386,42.82626200025135,0.967907,0.120637
-190.00410472718133,42.70019054563734,0.983293,0.121894
-189.80755236359067,42.64976200025134,0.949024,0.103516
-189.614,42.587685818456016,0.949024,0.0874936
-189.39972381820468,42.50826200025135,0.983293,0.088436
-189.195,42.44313818204668,0.990986,0.0736705
-188.966,42.38363818204668,1.00707,0.0683298
-188.741,42.33293818204668,0.941332,0.0757126
-188.517,42.28563818204668,0.978397,0.0757126
-188.284,42.24153818204668,0.999378,0.068801
-188.084,42.20713818204668,0.978397,0.0681727
-187.855,42.17103818204668,0.978397,0.0739847
-187.626,42.14833809052451,0.962312,0.0733564
-187.41054995423892,42.13998795324127,0.930841,0.0722568
-187.18754995423893,42.12928786171909,0.938534,0.0691152
-186.951,42.1087878617191,0.967907,0.054978
-186.736,42.10738767867476,0.959515,0.0458674
-186.509,42.100737632913685,0.928044,0.0328297
-186.3176390484411,42.103455327369964,0.923148,0.0160222
-186.0976390484411,42.094455327369964,0.904965,0.00219912
-185.8816390484411,42.08365532736997,0.936436,0.00361284
-185.6566390484411,42.077755327369964,0.980495,0.0047124
-185.4176390484411,42.07215532736997,0.980495,0.00502656
-185.1856390484411,42.06765532736997,0.980495,0.0124093
-184.9656390484411,42.06425532736996,0.949024,0.0257611
-184.7406390484411,42.060655327369965,0.933639,0.025604
-184.51663904844108,42.05825532736996,0.933639,0.0232478
-184.2536390484411,42.077155327369965,0.970005,0.0169646
-184.0196390484411,42.07665532736996,0.9756,0.00973896
-183.7866390484411,42.07655532736997,0.972803,0.00439824
-183.55263904844108,42.07635532736997,0.9756,0.00439824
-183.34963904844108,42.07295532736997,0.962312,0.00502656
-183.1226390484411,42.07485532736997,0.962312,0.00518364
-182.8906390484411,42.07685532736997,0.96511,0.00581196
-182.6616390484411,42.07875532736997,0.951822,0.00926772
-182.42863904844108,42.08105532736997,0.944129,0.011781
-182.20263904844109,42.083555327369965,0.957417,0.011781
-181.9716390484411,42.08725532736997,0.962312,0.0116239
-181.73663904844108,42.091955327369966,0.990986,0.011781
-181.5136390484411,42.10995532736997,1.00707,0.011781
-181.3116390484411,42.11445532736997,1.01197,0.0113098
-181.1096390484411,42.119355327369966,1.01197,0.0124093
-180.9056390484411,42.12475532736997,1.02246,0.0127235
-180.67663904844107,42.130655327369965,1.00707,0.0127235
-180.47563904844108,42.13805532736997,1.00148,0.0127235
-180.2756390484411,42.14615532736997,1.00148,0.0127235
-180.07563904844108,42.12495996302912,1.00148,0.0120952
-179.87508668485043,42.11753623634662,1.00987,0.0120952
-179.6516390484411,42.12733623634663,1.03085,0.0122522
-179.43791523023643,42.13783623634663,1.02525,0.0124093
-179.23291523023642,42.138512418141964,1.02525,0.0122522
-179.0386390484411,42.14853632786879,1.03085,0.0122522
-178.80863904844108,42.146888599937284,1.01756,0.0124093
-178.60063904844108,42.149864781732624,1.03295,0.0094248
-178.39863904844108,42.14231714532329,1.03295,0.00424116
-178.19063904844108,42.157117145323284,1.04134,-0.00298452
-177.9836390484411,42.173017145323286,1.03295,-0.00675444
-177.7776390484411,42.18791714532328,1.03574,-0.00691152
-177.57063904844108,42.202717145323284,1.03574,-0.00691152
-177.3646390484411,42.217517145323285,1.03295,-0.0158651
-177.1556390484411,42.23241714532329,1.05393,-0.0193208
-176.94063904844108,42.234817145323284,1.07281,-0.0193208
-176.7266390484411,42.24841714532329,1.07281,-0.0193208
-176.5126390484411,42.261617145323285,1.07281,-0.0193208
-176.29663904844108,42.274417145323284,1.0854,-0.0193208
-176.0556390484411,42.28831714532328,1.09379,-0.0193208
-175.8416390484411,42.299717145323285,1.0882,-0.0191638
-175.62463904844108,42.310417145323285,1.0882,-0.0191638
-175.40463904844108,42.32041714532328,1.10428,-0.0188496
-175.1796390484411,42.327317145323285,1.10428,-0.0183784
-174.9596390484411,42.33711714532328,1.09589,-0.0180642
-174.7406390484411,42.34651714532329,1.09589,-0.0158651
-174.5266390484411,42.35531714532328,1.07281,-0.0141372
-174.3116390484411,42.36321714532328,1.07281,-0.011781
-174.10563904844108,42.370117145323285,1.07771,-0.00722568
-173.8896390484411,42.37681714532329,1.09869,-0.0062832
-173.6696390484411,42.383417145323286,1.09869,-0.00581196
-173.45163904844108,42.389817145323285,1.0854,-0.00581196
-173.2466390484411,42.400917145323284,1.09589,-0.00596904
-173.0306390484411,42.407117145323284,1.09589,-0.00596904
-172.80863904844108,42.41321714532329,1.10918,-0.00596904
-172.58163904844108,42.41951714532328,1.11687,-0.00581196
-172.35663904844108,42.42951714532329,1.12736,-0.00581196
-172.13563904844108,42.43591714532329,1.12736,-0.00565488
-171.91063904844108,42.44231714532329,1.12246,-0.00565488
-171.68108909420218,42.44216719108437,1.11687,-0.0054978
-171.433,42.415499633911345,1.13575,-0.00534072
-171.216,42.42409963391134,1.13575,-0.00518364
-170.989,42.42444967967241,1.13785,-0.00518364
-170.76,42.41854977119459,1.14834,-0.00565488
-170.531,42.42604977119459,1.13575,-0.0062832
-170.304,42.426999816955664,1.13575,-0.0062832
-170.099,42.43909981695567,1.11687,-0.0062832
-169.874,42.43379990847783,1.13016,-0.0062832
-169.648,42.43524995423892,1.13785,-0.0062832
-169.421,42.4367,1.13295,-0.00612612
-169.194,42.4447,1.13295,-0.00612612
-168.98,42.4544,1.12526,-0.00612612
-168.756,42.4621,1.11687,-0.00612612
-168.532,42.4697,1.11687,-0.00612612
-168.308,42.4771,1.12526,-0.00596904
-168.082,42.4845,1.13785,-0.00581196
-167.882,42.4805,1.13575,-0.00581196
-167.655,42.4879,1.13575,-0.00267036
-167.423,42.4955,1.16163,0.00047124
-167.193,42.5035,1.14624,0.00094248
-166.961,42.516,1.18261,0.00109956
-166.725,42.5251,1.18261,0.00109956
-166.49,42.5344,1.17212,0.00062832
-166.255,42.544,1.16932,0.00062832
-166.027,42.5525,1.14065,0.00062832
-165.803,42.5625,1.14065,0.00062832
-165.58,42.5738,1.11477,0.00062832
-165.354,42.5856,1.14345,0.00062832
-165.124,42.5979,1.16443,0.00031416
-164.903,42.6096,1.1903,0.00015708
-164.665,42.6232,1.1903,-0.00047124
-164.428,42.6373,1.1903,-0.00047124
-164.191,42.6516,1.17981,-0.00047124
-163.955,42.666,1.1882,-0.00282744
-163.724,42.6748,1.1882,-0.00361284
-163.488,42.6891,1.17771,-0.00361284
-163.251,42.7035,1.1959,-0.00361284
-163.012,42.7181,1.1882,-0.00361284
-162.793,42.7334,1.1882,-0.00361284
-162.558,42.7472,1.16932,-0.00361284
-162.324,42.7606,1.18261,-0.00329868
-162.087,42.774,1.18261,-0.00329868
-161.858,42.7835,1.18261,-0.00282744
-161.619,42.7972,1.20359,-0.00282744
-161.38,42.8112,1.18541,-0.003927
-161.143,42.8253,1.18541,-0.00565488
-160.912,42.8359,1.21128,-0.00565488
-160.67,42.8505,1.21408,-0.00581196
-160.427,42.8652,1.22457,-0.0062832
-160.226,42.8775,1.22457,-0.00753984
-159.983,42.8924,1.24835,-0.00801108
-159.783,42.901,1.24275,-0.00801108
-159.579,42.9133,1.24275,-0.00801108
-159.336,42.9277,1.24555,-0.00801108
-159.131,42.9399,1.25604,-0.0105244
-158.93,42.9518,1.25604,-0.0119381
-158.689,42.9649,1.26164,-0.0119381
-158.488,42.9767,1.25324,-0.0119381
-158.282,42.9885,1.25324,-0.0119381
-158.038,43.0021,1.24555,-0.0119381
-157.833,43.0132,1.25324,-0.011781
-157.633,43.0239,1.25324,-0.0109956
-157.393,43.0368,1.21688,-0.0108385
-157.193,43.0475,1.22737,-0.013666
-156.953,43.06,1.22737,-0.0186925
-156.725,43.0698,1.25604,-0.0186925
-156.524,43.0788,1.25115,-0.0186925
-156.324,43.0876,1.25115,-0.0186925
-156.12,43.0963,1.24066,-0.0197921
-155.92,43.1044,1.24066,-0.0224624
-155.719,43.1132,1.27982,-0.0224624
-155.514,43.1205,1.26653,-0.0226195
-155.312,43.1272,1.26653,-0.0226195
-155.112,43.1331,1.3036,-0.0223054
-154.897,43.1388,1.3036,-0.02152
-154.696,43.1448,1.28751,-0.0183784
-154.49,43.1486,1.27982,-0.0183784
-154.286,43.1518,1.27982,-0.00801108
-154.081,43.1546,1.27422,0.00047124
-153.878,43.1575,1.27422,0.0007854
-153.657,43.1604,1.27422,0.00094248
-153.453,43.1642,1.27213,0.00094248
-153.249,43.1682,1.27213,0.00062832
-153.047,43.1723,1.25884,0.00062832
-152.846,43.1764,1.24066,0.00062832
-152.61,43.1707,1.24066,0.00062832
-152.407,43.1757,1.26933,0.00062832
-152.204,43.1809,1.27702,0.00015708
-152.0,43.1862,1.27702,0.0
-151.798,43.1913,1.25115,-0.00486948
-151.598,43.1961,1.25115,-0.00502656
-151.394,43.2143,1.27702,-0.00502656
-151.192,43.2188,1.21128,-0.00502656
-150.951,43.2243,1.21128,-0.00486948
-150.75,43.2291,1.26164,-0.0047124
-150.548,43.234,1.26164,-0.0047124
-150.307,43.2465,1.26164,-0.0047124
-150.107,43.2516,1.24555,-0.00188496
-149.902,43.2569,1.23017,0.00282744
-149.661,43.2639,1.23017,0.00298452
-149.46,43.2704,1.22177,0.0031416
-149.228,43.2806,1.20639,0.0031416
-148.987,43.2892,1.20639,0.0031416
-148.747,43.2982,1.20079,0.0031416
-148.506,43.3076,1.20639,0.00282744
-148.302,43.318,1.22177,0.00282744
-148.064,43.3292,1.22177,0.00251328
-147.824,43.3408,1.1931,0.00219912
-147.586,43.3525,1.17771,0.00204204
-147.353,43.3623,1.18541,-0.00047124
-147.122,43.3745,1.18541,-0.00455532
-146.883,43.3874,1.1959,-0.013666
-146.643,43.4002,1.22737,-0.0163363
-146.441,43.4107,1.22737,-0.0164934
-146.241,43.4236,1.23017,-0.0163363
-146.039,43.4334,1.23017,-0.0152368
-145.799,43.4448,1.23017,-0.0150797
-145.596,43.4543,1.23017,-0.0150797
-145.362,43.4632,1.23017,-0.0150797
-145.16,43.4722,1.23017,-0.0153938
-144.917,43.4827,1.25115,-0.0163363
-144.712,43.4913,1.23017,-0.0139801
-144.473,43.5011,1.23017,-0.0135089
-144.272,43.5076,1.23017,-0.0131947
-144.032,43.5171,1.23226,-0.0131947
-143.829,43.5252,1.23226,-0.0131947
-143.589,43.5347,1.23017,-0.0130376
-143.386,43.5433,1.23017,-0.0125664
-143.146,43.5524,1.23506,-0.011781
-142.942,43.56,1.23506,-0.011781
-142.703,43.5689,1.21967,-0.011781
-142.466,43.5736,1.22177,-0.0119381
-142.221,43.5821,1.22177,-0.0119381
-142.021,43.5891,1.21688,-0.0119381
-141.784,43.5971,1.1959,-0.0119381
-141.559,43.6039,1.20639,-0.00502656
-141.318,43.6117,1.20639,-0.00486948
-141.117,43.6184,1.23017,-0.00486948
-140.878,43.6264,1.20918,-0.0054978
-140.636,43.6346,1.20918,-0.00565488
-140.429,43.6477,1.20359,-0.00565488
-140.188,43.6563,1.21408,-0.00565488
-139.988,43.6635,1.21408,-0.00361284
-139.751,43.6715,1.21688,-0.00361284
-139.508,43.6801,1.23017,-0.00361284
-139.305,43.6867,1.25115,-0.00361284
-139.105,43.6932,1.25115,-0.00361284
-138.905,43.7002,1.25324,-0.00361284
-138.705,43.7075,1.25324,-0.00361284
-138.463,43.7167,1.23786,-0.00361284
-138.262,43.7261,1.23017,-0.00361284
-138.059,43.7338,1.23017,-0.00361284
-137.822,43.7428,1.20918,-0.00361284
-137.581,43.7521,1.20359,-0.00361284
-137.331,43.7634,1.20918,-0.00361284
-137.095,43.7731,1.20918,-0.00612612
-136.855,43.7834,1.1959,-0.00612612
-136.616,43.7939,1.19869,-0.00565488
-136.377,43.8047,1.17212,-0.00534072
-136.172,43.8128,1.17212,-0.00534072
-135.945,43.8235,1.16163,-0.00534072
-135.711,43.8349,1.18541,-0.00534072
-135.474,43.8465,1.17212,-0.00581196
-135.214,43.8668,1.17212,-0.00581196
-134.983,43.8791,1.1903,-0.00581196
-134.745,43.8921,1.1959,-0.00502656
-134.506,43.9053,1.17492,-0.00581196
-134.272,43.9183,1.17492,-0.00581196
-134.044,43.9283,1.17492,-0.00659736
-133.808,43.9416,1.1903,-0.00644028
-133.571,43.955,1.18261,-0.00644028
-133.335,43.9686,1.18261,-0.00612612
-133.131,43.9822,1.19869,-0.00612612
-132.892,43.9959,1.17771,-0.00644028
-132.657,44.0092,1.16932,-0.00581196
-132.424,44.0228,1.16932,-0.00581196
-132.189,44.0369,1.17771,-0.00565488
-131.96,44.0479,1.16722,-0.00596904
-131.727,44.0619,1.16163,-0.00644028
-131.495,44.0758,1.16163,-0.00644028
-131.263,44.0899,1.15883,-0.00644028
-131.045,44.0997,1.14834,-0.00644028
-130.816,44.1142,1.13575,-0.00659736
-130.59,44.1287,1.13575,-0.0127235
-130.361,44.1438,1.14624,-0.0201062
-130.132,44.1587,1.15394,-0.0230908
-129.929,44.1732,1.16722,-0.0226195
-129.702,44.187,1.16722,-0.0226195
-129.469,44.2007,1.16932,-0.0224624
-129.235,44.214,1.18541,-0.0223054
-129.008,44.2208,1.18541,-0.0223054
-128.769,44.2333,1.1959,-0.0223054
-128.529,44.2453,1.20359,-0.0169646
-128.289,44.2564,1.20079,-0.0169646
-128.074,44.2707,1.20079,-0.0168076
-127.838,44.2805,1.17771,-0.0166505
-127.602,44.2896,1.18541,-0.0166505
-127.366,44.298,1.15673,-0.0168076
-127.135,44.3062,1.15673,-0.0168076
-126.923,44.3061,1.15883,-0.0168076
-126.69,44.3131,1.16932,-0.0168076
-126.456,44.3198,1.18261,-0.0168076
-126.219,44.3261,1.18261,-0.0169646
-126.008,44.3384,1.1903,-0.0164934
-125.771,44.3442,1.16932,-0.0163363
-125.538,44.3497,1.17212,-0.0161792
-125.303,44.3545,1.17212,-0.0161792
-125.065,44.3545,1.15673,-0.0161792
-124.84,44.3597,1.15883,-0.0163363
-124.608,44.365,1.15883,-0.0163363
-124.375,44.37,1.16932,-0.0133518
-124.134,44.3744,1.17771,-0.0133518
-123.905,44.3785,1.1931,-0.0133518
-123.666,44.3826,1.1931,-0.0127235
-123.43,44.3862,1.17981,-0.0125664
-123.194,44.3897,1.17771,-0.0124093
-122.957,44.3941,1.20359,-0.0124093
-122.716,44.3976,1.17771,-0.0127235
-122.481,44.4005,1.17771,-0.00424116
-122.245,44.4015,1.17981,-0.00848232
-122.009,44.4014,1.17492,-0.0109956
-121.774,44.3998,1.15114,-0.0158651
-121.544,44.3982,1.15114,-0.0153938
-121.314,44.3961,1.15394,-0.0161792
-121.081,44.40432381820467,1.17212,-0.0278032
-120.85772381820466,44.41054763640934,1.15883,-0.0397412
-120.615,44.417371454614006,1.15883,-0.0769692
-120.382,44.432719091023344,1.17212,-0.0769692
-120.149,44.41319527281868,1.15114,-0.0606329
-119.955,44.4357,1.05952,-0.0512081
-119.744,44.4197,1.14345,-0.0469669
-119.515,44.4,1.14345,-0.0367567
-119.287,44.3784,1.14345,-0.0298452
-119.062,44.3514,1.12736,-0.01775
-118.838,44.3271,1.10638,-0.0149226
-118.618,44.3027,1.10638,-0.0149226
-118.399,44.2782,1.10148,-0.0166505
-118.177,44.2529,1.13295,-0.0174359
-117.98027618179532,44.20829527281867,1.13295,-0.0174359
-117.773,44.173171454614,1.13295,-0.0234049
-117.548,44.147871454614005,1.13016,-0.0289027
-117.323,44.0901,1.16443,-0.0355001
-117.091,44.0627,1.16443,-0.0444536
-116.855,44.0255,1.1903,-0.047124
-116.617,43.9947,1.21408,-0.0482236
-116.417,43.9676,1.21408,-0.051051
-116.184,43.9343,1.21408,-0.0579625
-115.981,43.8964,1.1882,-0.0661307
-115.753,43.8593,1.21128,-0.0661307
-115.555,43.8251,1.21128,-0.0670732
-115.325,43.7834,1.1903,-0.0670732
-115.092,43.7388,1.17771,-0.0675444
-114.883,43.6832,1.17771,-0.0689581
-114.653,43.6344,1.17212,-0.0705289
-114.424,43.5832,1.17771,-0.0722568
-114.195,43.5293,1.16163,-0.0728851
-113.963,43.4725,1.16163,-0.0728851
-113.743,43.4149,1.17771,-0.0728851
-113.515,43.3516,1.1931,-0.072728
-113.286,43.2848,1.17981,-0.072728
-113.06,43.2158,1.17981,-0.0728851
-112.835,43.15,1.16443,-0.0799537
-112.615,43.0762,1.15394,-0.0871794
-112.398,42.9994,1.14345,-0.0873365
-112.183,42.9201,1.14345,-0.0873365
-111.968,42.8368,1.15394,-0.0871794
-111.772,42.7747,1.14624,-0.0871794
-111.567,42.6875,1.13575,-0.0871794
-111.36,42.5952,1.13575,-0.0867082
-111.152,42.4986,1.15394,-0.0865511
-110.943,42.3987,1.15883,-0.0777546
-110.747,42.2811,1.17492,-0.0699006
-110.538,42.1734,1.17492,-0.0600046
-110.332,42.0635,1.16932,-0.047124
-110.126,41.9518,1.16722,-0.0367567
-109.936,41.845,1.14065,-0.0331439
-109.737,41.7342,1.14065,-0.0328297
-109.537,41.6219,1.14834,-0.0328297
-109.337,41.5081,1.15673,-0.0344005
-109.136,41.3929,1.15883,-0.0344005
-108.946,41.2899,1.15883,-0.029374
-108.747,41.1724,1.15673,-0.0278032
-108.548,41.0528,1.16443,-0.0183784
-108.35,40.932,1.15114,-0.00816816
-108.164,40.821,1.15114,-0.00816816
-107.972,40.7028,1.12246,-0.00816816
-107.779,40.5837,1.14345,-0.00895356
-107.585,40.4632,1.14065,-0.0094248
-107.364,40.3371,1.14834,-0.00958188
-107.175,40.2192,1.14834,-0.00973896
-106.98,40.0964,1.15673,-0.0105244
-106.785,39.9726,1.14834,-0.0100531
-106.591,39.849,1.14834,-0.0100531
-106.406,39.7234,1.14834,-0.00989604
-106.212,39.5995,1.15394,-0.00989604
-106.018,39.476,1.14345,-0.0102102
-105.824,39.3536,1.15883,-0.0102102
-105.629,39.2291,1.15883,-0.0102102
-105.432,39.104,1.16722,-0.0102102
-105.248,38.9784,1.18541,-0.0100531
-105.048,38.8508,1.17492,-0.00958188
-104.851,38.7242,1.17492,-0.0094248
-104.657,38.5996,1.14065,-0.00973896
-104.465,38.4769,1.13785,-0.00989604
-104.285,38.3549,1.13785,-0.00816816
-104.096,38.2337,1.12246,-0.0070686
-103.908,38.1135,1.10918,-0.00141372
-103.721,37.9948,1.09099,0.00486948
-103.537,37.8779,1.09099,0.0158651
-103.348,37.7568,1.07771,0.0409979
-103.166,37.644,1.06722,0.0403696
-102.982,37.5315,1.11197,0.0384846
-102.792,37.417,1.11197,0.0376992
-102.616,37.3099,1.12246,0.0384846
-102.421,37.1986,1.12246,0.0425687
-102.226,37.0905,1.09379,0.0486948
-102.034,36.9866,1.13785,0.0664448
-101.832,36.8807,1.13785,0.0939338
-101.636,36.7724,1.15114,0.121894
-101.428,36.6743,1.16163,0.128334
-101.214,36.5814,1.15673,0.122365
-101.0,36.4958,1.15673,0.117025
-100.78,36.4155,1.17981,0.113412
-100.587,36.3527,1.16932,0.112783
-100.364,36.2833,1.16932,0.115611
-100.141,36.2207,1.15394,0.118595
-99.9175,36.1649,1.15114,0.109642
-99.694,36.1161,1.11967,0.104301
-99.4716,36.0693,1.11967,0.101317
-99.256,36.0329,1.0882,0.0813674
-99.0414,36.0016,1.0833,0.0744559
-98.8254,35.9743,1.10428,0.0683298
-98.6058,35.9506,1.11967,0.0644028
-98.383,35.9284,1.11967,0.0673873
-98.1607,35.9116,1.11197,0.060947
-97.9375,35.8987,1.13785,0.0537214
-97.7097,35.8893,1.12736,0.0435112
-97.4846,35.883,1.12736,0.0405266
-97.2756,35.8738,1.13016,0.0279602
-97.0509,35.8717,1.11477,0.0204204
-96.8279,35.8716,1.10428,0.013666
-96.6072,35.8724,1.10428,0.0139801
-96.3875,35.8743,1.09589,0.0169646
-96.1605,35.8773,1.09379,0.0186925
-95.9493,35.8818,1.0805,0.0150797
-95.7333,35.8875,1.0805,0.00565488
-95.5201,35.8942,1.06442,0.00565488
-95.294,35.9148,1.09379,0.00408408
-95.0754,35.9235,1.10148,0.00329868
-94.8552,35.9329,1.10148,0.00408408
-94.6365,35.9425,1.09379,0.00282744
-94.4169,35.9527,1.10638,0.00345576
-94.2021,35.9562,1.12526,0.00361284
-93.9772,35.9674,1.12526,0.00361284
-93.7517,35.979,1.13016,0.00408408
-93.5252,35.9912,1.13575,0.00408408
-93.2508,36.0164,1.11687,0.00408408
-93.0353,36.0293,1.11687,0.00439824
-92.812,36.0433,1.11967,0.00376992
-92.5848,36.0584,1.14834,0.003927
-92.3554,36.0744,1.15394,0.003927
-92.1549,36.0904,1.15394,0.00015708
-91.9283,36.1077,1.17981,-0.0054978
-91.6942,36.1259,1.16722,-0.00926772
-91.4615,36.1442,1.16932,-0.0150797
-91.2283,36.1625,1.16932,-0.0185354
-91.0291,36.1803,1.17771,-0.023562
-90.8023,36.1975,1.17981,-0.0337722
-90.5669,36.2145,1.17981,-0.0339293
-90.3348,36.2301,1.16443,-0.0263894
-90.1012,36.2446,1.17212,-0.0224624
-89.8901,36.248,1.17212,-0.0161792
-89.6559,36.2606,1.17212,-0.011781
-89.4219,36.2729,1.17212,-0.0119381
-89.1882,36.2853,1.16932,-0.0120952
-88.9556,36.2977,1.15883,-0.0086394
-88.7462,36.3049,1.16932,-0.00832524
-88.5124,36.3176,1.16932,-0.00753984
-88.2774,36.3301,1.18261,-0.00769692
-88.04,36.3429,1.1959,-0.00769692
-87.801,36.3557,1.16932,-0.0070686
-87.5723,36.36,1.16932,-0.00188496
-87.341,36.373,1.15673,0.00015708
-87.1096,36.3861,1.16163,0.00015708
-86.8778,36.3998,1.20918,0.0
-86.662,36.4163,1.20918,-0.00062832
-86.4614,36.4288,1.19869,-0.003927
-86.2305,36.4434,1.1882,-0.003927
-85.9936,36.459,1.1882,-0.003927
-85.7565,36.4749,1.1882,-0.003927
-85.5187,36.492,1.1903,-0.00361284
-85.2814,36.5094,1.1931,-0.00408408
-85.0434,36.527,1.1931,-0.00424116
-84.8425,36.5423,1.20918,-0.00424116
-84.6102,36.5603,1.20079,-0.00581196
-84.4102,36.5762,1.20079,-0.0105244
-84.1787,36.5939,1.20918,-0.0201062
-83.9787,36.6101,1.18541,-0.0223054
-83.7508,36.6282,1.18541,-0.0227766
-83.551,36.6438,1.20079,-0.0226195
-83.3239,36.6666,1.21688,-0.0226195
-83.0905,36.6834,1.21128,-0.0219912
-82.888,36.6977,1.21128,-0.011781
-82.6573,36.7139,1.1931,-0.0119381
-82.4188,36.7304,1.18261,-0.0122522
-82.1838,36.7466,1.18261,-0.00879648
-81.9501,36.7602,1.16722,-0.00848232
-81.7178,36.776,1.16163,-0.0122522
-81.4848,36.7918,1.1882,-0.0122522
-81.2477,36.8076,1.1882,-0.0122522
-81.0323,36.8202,1.19869,-0.0125664
-80.8041,36.8353,1.17212,-0.011781
-80.57,36.851,1.16932,-0.0113098
-80.3368,36.8669,1.16932,-0.0106814
-80.1025,36.8829,1.17492,-0.0106814
-79.876,36.8963,1.15883,-0.0109956
-79.6448,36.9118,1.16722,-0.00439824
-79.4116,36.9269,1.16722,-0.00424116
-79.1793,36.9424,1.16443,-0.00691152
-78.9459,36.9582,1.17771,-0.0105244
-78.7119,36.9758,1.15394,-0.0124093
-78.4818,36.9911,1.15394,-0.0186925
-78.2435,37.0065,1.15114,-0.0199492
-78.0217,37.0206,1.15673,-0.0174359
-77.7812,37.0343,1.15673,-0.0155509
-77.5589,37.0478,1.15673,-0.0128806
-77.3309,37.0615,1.14065,-0.0119381
-77.0998,37.0753,1.16443,-0.00282744
-76.8663,37.0891,1.1903,-0.00298452
-76.659,37.0949,1.1903,-0.00298452
-76.4312,37.1093,1.18261,-0.0031416
-76.1944,37.1247,1.1903,-0.00361284
-75.9569,37.1409,1.17212,-0.00581196
-75.7232,37.1576,1.17212,-0.00581196
-75.5237,37.1721,1.21128,-0.00581196
-75.2866,37.1792,1.22737,-0.00581196
-75.0816,37.194,1.22737,-0.00675444
-74.8467,37.2111,1.22177,-0.00879648
-74.6434,37.2257,1.20639,-0.00895356
-74.4118,37.2427,1.20639,-0.00926772
-74.1757,37.2605,1.17981,-0.00895356
-73.9424,37.2773,1.14834,-0.0100531
-73.7119,37.2951,1.16443,-0.0116239
-73.4805,37.3131,1.16443,-0.011781
-73.2475,37.331,1.16932,-0.011781
-72.9806,37.3527,1.1959,-0.0119381
-72.7513,37.3703,1.1931,-0.0119381
-72.5133,37.3886,1.1931,-0.0210487
-72.2762,37.4067,1.1882,-0.0304735
-72.0299,37.4248,1.1903,-0.0304735
-71.8029,37.4395,1.17212,-0.0292169
-71.569,37.4542,1.1931,-0.0290598
-71.3692,37.4663,1.1931,-0.0227766
-71.132,37.4802,1.18261,-0.0183784
-70.9049,37.4935,1.17492,-0.0183784
-70.6835,37.4971,1.17492,-0.0183784
-70.4481,37.5096,1.17981,-0.0183784
-70.2104,37.5217,1.20359,-0.0183784
-70.0086,37.5316,1.20918,-0.017593
-69.7765,37.5429,1.20918,-0.0125664
-69.5529,37.5489,1.20918,-0.0125664
-69.3506,37.5589,1.1959,-0.013666
-69.121,37.5702,1.1959,-0.0139801
-68.9184,37.5798,1.21128,-0.0139801
-68.6604,37.599,1.21408,-0.0127235
-68.4272,37.6102,1.23017,-0.0127235
-68.2209,37.6202,1.23017,-0.00691152
-67.9846,37.6317,1.23017,-0.00612612
-67.7785,37.642,1.21688,-0.00612612
-67.5446,37.653,1.21688,-0.00612612
-67.3411,37.6636,1.21128,-0.0054978
-67.1087,37.676,1.22737,-0.00345576
-66.9028,37.6871,1.22737,-0.00455532
-66.6664,37.7,1.23506,-0.00455532
-66.438,37.7121,1.22737,-0.00455532
-66.2323,37.7236,1.22737,-0.00455532
-65.9965,37.7372,1.23017,-0.00424116
-65.7901,37.7495,1.23506,-0.00439824
-65.5534,37.764,1.23506,-0.00439824
-65.3434,37.7802,1.23017,-0.00801108
-65.1375,37.7941,1.22737,-0.00801108
-64.9023,37.8103,1.22737,-0.0062832
-64.6967,37.8253,1.22737,-0.0031416
-64.4607,37.8429,1.24835,-0.0031416
-64.2169,37.8606,1.24835,-0.00361284
-64.0167,37.876,1.25604,-0.00408408
-63.817,37.8916,1.23017,-0.0047124
-63.5814,37.9103,1.23017,-0.00486948
-63.3776,37.9271,1.20639,-0.00424116
-63.1464,37.9465,1.1959,-0.00345576
-62.9463,37.9636,1.1959,-0.00329868
-62.7147,37.9837,1.21688,-0.00408408
-62.5094,38.0018,1.24066,-0.00644028
-62.2721,38.0231,1.24066,-0.00675444
-62.0708,38.0413,1.26653,-0.00675444
-61.8461,38.0621,1.21408,-0.00675444
-61.6426,38.0812,1.23017,-0.00691152
-61.4075,38.1035,1.23017,-0.00832524
-61.2059,38.1226,1.20079,-0.00832524
-60.9732,38.1444,1.22177,-0.00832524
-60.7686,38.1638,1.22177,-0.00832524
-60.5367,38.1859,1.20918,-0.00832524
-60.3344,38.2054,1.20918,-0.00801108
-60.101,38.2279,1.20918,-0.00801108
-59.8958,38.2477,1.23017,-0.0113098
-59.6778,38.2675,1.22737,-0.0166505
-59.4724,38.2869,1.22737,-0.0207346
-59.238,38.3088,1.22737,-0.0208916
-59.0326,38.3278,1.21967,-0.0160222
-58.7995,38.349,1.21967,-0.0171217
-58.5771,38.3678,1.23226,-0.0171217
-58.3696,38.3863,1.25115,-0.0205775
-58.1702,38.4037,1.25115,-0.0221483
-57.9704,38.4209,1.25324,-0.0243474
-57.7706,38.4377,1.25604,-0.0243474
-57.5703,38.4539,1.25604,-0.0221483
-57.3345,38.4641,1.25604,-0.0223054
-57.134,38.4786,1.24066,-0.0197921
-56.926,38.493,1.24066,-0.017593
-56.6876,38.5084,1.25115,-0.0179071
-56.4877,38.5206,1.23226,-0.0150797
-56.2809,38.5322,1.23226,-0.0139801
-56.0438,38.5431,1.23226,-0.0141372
-55.8368,38.5532,1.21967,-0.0133518
-55.6029,38.5648,1.21967,-0.0127235
-55.3988,38.5751,1.21128,-0.0119381
-55.1669,38.5872,1.25324,-0.0128806
-54.9426,38.611,1.25324,-0.0127235
-54.7326,38.6215,1.24555,-0.0127235
-54.4944,38.6331,1.24275,-0.0127235
-54.2853,38.643,1.24275,-0.0127235
-54.0487,38.6538,1.22737,-0.0122522
-53.8448,38.6641,1.22457,-0.0122522
-53.6103,38.6753,1.22457,-0.0120952
-53.4038,38.6853,1.23017,-0.0139801
-53.1686,38.6965,1.22457,-0.0139801
-52.9627,38.706,1.22457,-0.0144514
-52.7292,38.7132,1.23017,-0.0130376
-52.5214,38.7227,1.21128,-0.0130376
-52.2895,38.733,1.21128,-0.0130376
-52.0825,38.7422,1.23506,-0.0130376
-51.8459,38.7524,1.23786,-0.0130376
-51.6377,38.7612,1.23786,-0.0131947
-51.4344,38.7683,1.27982,-0.0127235
-51.23,38.7764,1.26653,-0.0103673
-51.0274,38.7841,1.26653,-0.0113098
-50.8255,38.792,1.25604,-0.0113098
-50.6247,38.7997,1.25604,-0.0114668
-50.388,38.8089,1.23506,-0.0120952
-50.1616,38.829,1.20918,-0.0119381
-49.9582,38.8366,1.20918,-0.0116239
-49.7264,38.845,1.21128,-0.011781
-49.5225,38.8522,1.21128,-0.011781
-49.2906,38.8605,1.21128,-0.0119381
-49.0635,38.8688,1.25115,-0.0124093
-48.8629,38.8759,1.25884,-0.0122522
-48.6612,38.883,1.25884,-0.0102102
-48.4566,38.8899,1.28751,-0.0109956
-48.2498,38.8972,1.3036,-0.00973896
-48.0414,38.9049,1.3036,-0.00973896
-47.8237,38.9218,1.28751,-0.00911064
-47.6178,38.9301,1.28751,-0.00895356
-47.4126,38.938,1.28262,-0.00801108
-47.2087,38.9457,1.25604,-0.0062832
-47.0088,38.9532,1.25604,-0.00534072
-46.8078,38.9606,1.24066,-0.00141372
-46.5692,38.9704,1.26933,-0.00141372
-46.3661,38.9792,1.26933,-0.0015708
-46.1625,38.9882,1.26164,-0.00204204
-45.9613,38.9972,1.26164,-0.00219912
-45.7511,39.0068,1.24835,-0.00062832
-45.5334,39.027,1.26653,0.00188496
-45.3309,39.0371,1.26653,0.00172788
-45.1299,39.0475,1.25115,0.0015708
-44.9301,39.0583,1.26653,0.0015708
-44.7275,39.0696,1.26653,0.00219912
-44.5253,39.0811,1.26373,0.0031416
-44.2943,39.0869,1.26373,0.00204204
-44.0946,39.0992,1.25115,0.00204204
-43.8943,39.1119,1.26653,0.00204204
-43.692,39.1252,1.26653,0.00219912
-43.4823,39.1392,1.23017,0.00267036
-43.2561,39.1517,1.21128,0.00361284
-43.0524,39.1666,1.21128,0.00219912
-42.8227,39.1844,1.20079,0.0
-42.6205,39.2006,1.20359,-0.00565488
-42.391,39.2195,1.20359,-0.00722568
-42.1882,39.236,1.20639,-0.00848232
-41.9836,39.2433,1.1882,-0.00926772
-41.7839,39.26,1.1882,-0.00895356
-41.5589,39.2793,1.18261,-0.00926772
-41.3562,39.2968,1.23506,-0.0150797
-41.121,39.3167,1.21967,-0.019635
-40.9118,39.3459,1.21967,-0.0210487
-40.7068,39.362,1.21408,-0.0205775
-40.4754,39.3803,1.21408,-0.0171217
-40.2715,39.3967,1.21128,-0.0163363
-40.0391,39.4156,1.23017,-0.0164934
-39.8321,39.4325,1.20639,-0.0183784
-39.608,39.4477,1.20639,-0.0185354
-39.4026,39.4639,1.23017,-0.0183784
-39.1681,39.4819,1.21128,-0.0186925
-38.9644,39.4974,1.21128,-0.0202633
-38.7372,39.5144,1.17212,-0.0262324
-38.5175,39.5307,1.15114,-0.0315731
-38.2879,39.5473,1.15114,-0.0309448
-38.0588,39.5629,1.14834,-0.0306306
-37.8281,39.5777,1.15883,-0.0306306
-37.606,39.5846,1.1903,-0.0304735
-37.4051,39.5951,1.1903,-0.0303164
-37.1788,39.6058,1.18541,-0.0262324
-36.9424,39.6161,1.17981,-0.0262324
-36.7066,39.6254,1.14834,-0.0252899
-36.4775,39.6335,1.14834,-0.0230908
-36.2411,39.6411,1.1882,-0.0113098
-36.0375,39.6439,1.15883,-0.0113098
-35.8162,39.6499,1.15883,-0.0106814
-35.5796,39.6559,1.1882,-0.0106814
-35.3794,39.6608,1.18261,-0.00502656
-35.1536,39.6661,1.1903,-0.00738276
-34.9533,39.6695,1.1903,-0.0166505
-34.7504,39.675,1.20918,-0.0290598
-34.5195,39.6809,1.20639,-0.0311018
-34.3157,39.6855,1.20639,-0.0311018
-34.083,39.6898,1.22457,-0.0296881
-33.8762,39.6925,1.21408,-0.00753984
-33.6449,39.6897,1.21408,-0.00973896
-33.44,39.6918,1.20359,-0.0105244
-33.211,39.694,1.1931,-0.0105244
-33.0093,39.6954,1.1931,-0.0105244
-32.7802,39.6966,1.20359,-0.0103673
-32.5435,39.6859,1.20359,-0.0100531
-32.34,39.6854,1.19869,-0.0100531
-32.1111,39.6846,1.19869,-0.007854
-31.9074,39.6838,1.21128,-0.00753984
-31.6764,39.6828,1.1959,-0.00738276
-31.4742,39.6819,1.1959,-0.00738276
-31.2489,39.6835,1.1959,-0.00722568
-31.0462,39.683,1.20918,-0.00753984
-30.8156,39.6826,1.20918,-0.00722568
-30.611,39.6824,1.20918,-0.0109956
-30.3802,39.6822,1.23017,-0.00659736
-30.1528,39.6759,1.23017,-0.00832524
-29.947,39.6754,1.21408,-0.0062832
-29.7155,39.6747,1.20918,-0.00848232
-29.5109,39.6741,1.20918,-0.00769692
-29.2774,39.6734,1.22737,-0.00769692
-29.0714,39.6726,1.1959,-0.00769692
-28.8584,39.6702,1.1959,-0.00753984
-28.6548,39.6689,1.20359,-0.00691152
-28.4241,39.6675,1.22737,-0.00188496
-28.2164,39.6663,1.22737,-0.00188496
-27.9841,39.665,1.21408,-0.00188496
-27.7787,39.6641,1.21128,-0.00329868
-27.5549,39.6583,1.21128,-0.0031416
-27.3486,39.6572,1.21967,-0.00282744
-27.1168,39.6559,1.20359,-0.00345576
-26.9129,39.6548,1.20359,-0.00455532
-26.6816,39.6537,1.21128,-0.00659736
-26.4517,39.6545,1.20639,-0.00958188
-26.2466,39.6534,1.22737,-0.00895356
-26.0128,39.6522,1.22737,-0.00926772
-25.8078,39.6512,1.19869,-0.0152368
-25.5793,39.65,1.1959,-0.0257611
-25.3769,39.6486,1.1959,-0.0358142
-25.1463,39.6498,1.18261,-0.0446107
-24.9209,39.6468,1.17981,-0.0567059
-24.6851,39.6417,1.18261,-0.0719426
-24.4849,39.6351,1.18261,-0.084352
-24.2588,39.6249,1.1931,-0.0948763
-24.0566,39.6128,1.20918,-0.101788
-23.8387,39.5946,1.20918,-0.109485
-23.6353,39.5755,1.20359,-0.117339
-23.4073,39.5497,1.19869,-0.120009
-23.2061,39.5228,1.19869,-0.12158
-22.9783,39.4873,1.21408,-0.123622
-22.7758,39.4511,1.21688,-0.132261
-22.57,39.4103,1.21688,-0.134775
-22.369,39.3644,1.21408,-0.141529
-22.145,39.3072,1.21408,-0.153153
-21.947,39.2511,1.21408,-0.154724
-21.7255,39.1814,1.22457,-0.160379
-21.529,39.1126,1.24835,-0.173102
-21.3077,39.0253,1.24835,-0.180328
-21.1135,38.9416,1.24835,-0.181113
-20.8987,38.8396,1.23017,-0.181113
-20.7138,38.7434,1.23017,-0.181113
-20.5105,38.6281,1.22457,-0.181113
-20.3252,38.5167,1.25884,-0.180956
-20.1584,38.4037,1.25884,-0.180956
-19.9954,38.2855,1.25884,-0.180956
-19.8364,38.162,1.24275,-0.180956
-19.6744,38.0273,1.24275,-0.192894
-19.5011,37.8715,1.21408,-0.207974
-19.3241,37.7173,1.20639,-0.209859
-19.1836,37.5687,1.20639,-0.209859
-19.0329,37.3952,1.22457,-0.209859
-18.9026,37.2313,1.20079,-0.209859
-18.6971,36.9917,1.20079,-0.209545
-18.5858,36.821,1.20079,-0.208602
-18.4697,36.6252,1.1931,-0.196036
-18.3744,36.4478,1.15673,-0.184255
-18.2775,36.2499,1.15673,-0.182056
-18.185,36.0476,1.13295,-0.178286
-18.1028,35.8401,1.09379,-0.158651
-18.0286,35.6343,1.09379,-0.130219
-17.9605,35.4266,1.09379,-0.110113
-17.8967,35.2136,1.11477,-0.0970754
-17.8419,35.0205,1.13575,-0.0915776
-17.7861,34.8003,1.12526,-0.0889073
-17.7348,34.5812,1.12526,-0.088279
-17.6877,34.3626,1.11687,-0.088279
-17.6302,34.1429,1.13785,-0.088279
-17.5889,33.9201,1.11687,-0.088279
-17.5522,33.6997,1.11687,-0.088279
-17.5194,33.4784,1.11967,-0.0796396
-17.4904,33.2561,1.12246,-0.0716285
-17.4672,33.0524,1.11967,-0.0694294
-17.4431,32.83,1.11967,-0.0692723
-17.4219,32.6087,1.10918,-0.0692723
-17.4032,32.3854,1.12736,-0.0692723
-17.3872,32.1627,1.07771,-0.0692723
-17.3812,31.9386,1.07771,-0.0678586
-17.3721,31.7356,1.00427,-0.0611041
-17.3654,31.5329,0.946926,-0.045239
-17.3604,31.321,0.881187,-0.0444536
-17.3571,31.109,0.88888,-0.0380134
-17.3513,30.8889,0.959515,-0.0223054
-17.3508,30.6877,0.941332,-0.0213629
-17.3511,30.4711,0.941332,-0.0212058
-17.3523,30.2678,0.972803,-0.015708
-17.3526,30.067,0.954619,-0.00738276
-17.3545,29.8668,0.951822,-0.00722568
-17.3571,29.6477,0.957417,-0.00722568
-17.3595,29.4457,0.988888,-0.0070686
-17.3621,29.2186,0.988888,-0.00691152
-17.3608,29.0014,1.00427,-0.0070686
-17.3625,28.7965,1.03574,-0.00691152
-17.3643,28.5891,1.03854,-0.00675444
-17.366,28.3813,1.05673,-0.0062832
-17.3679,28.1698,1.05673,-0.00612612
-17.3746,27.9634,1.10428,-0.00518364
-17.3764,27.7519,1.14624,-0.00518364
-17.3783,27.5226,1.14624,-0.00565488
-17.38,27.295,1.13575,-0.00911064
-17.3814,27.067,1.14345,-0.00911064
-17.3831,26.8368,1.17771,-0.00895356
-17.3852,26.6313,1.17771,-0.00832524
-17.3873,26.4052,1.19869,-0.00848232
-17.3891,26.2012,1.1959,-0.0108385
-17.3912,25.9741,1.1959,-0.0208916
-17.3934,25.7703,1.19869,-0.0260753
-17.3965,25.5429,1.19869,-0.0260753
-17.408,25.3378,1.19869,-0.0265465
-17.4128,25.1036,1.24066,-0.025447
-17.4181,24.8913,1.25604,-0.025447
-17.4242,24.6904,1.25604,-0.0240332
-17.4325,24.4567,1.23017,-0.0259182
-17.4493,24.2541,1.23017,-0.0260753
-17.46,24.021,1.22737,-0.0259182
-17.4705,23.8122,1.22737,-0.0218341
-17.4833,23.579,1.23786,-0.019635
-17.4955,23.3678,1.25884,-0.0166505
-17.5075,23.1668,1.25884,-0.0163363
-17.5198,22.9668,1.24066,-0.0164934
-17.5398,22.7534,1.24066,-0.0164934
-17.5531,22.5536,1.26164,-0.01775
-17.5667,22.3522,1.27422,-0.01775
-17.5809,22.1487,1.27422,-0.0186925
-17.5955,21.9452,1.27702,-0.0186925
-17.6107,21.7415,1.27702,-0.0186925
-17.6178,21.5353,1.27982,-0.0186925
-17.6339,21.3311,1.29031,-0.0183784
-17.6507,21.1255,1.29031,-0.017593
-17.6678,20.9195,1.29031,-0.0160222
-17.6851,20.7138,1.29031,-0.015708
-17.7026,20.5071,1.298,-0.0150797
-17.7206,20.3003,1.30849,-0.0146084
-17.7429,20.0982,1.30849,-0.00722568
-17.7624,19.8884,1.32668,0.00911064
-17.782,19.677,1.32668,0.0133518
-17.8012,19.4648,1.33227,0.0135089
-17.8199,19.2524,1.33227,0.0127235
-17.8378,19.04,1.33227,0.0127235
-17.8548,18.8306,1.3008,0.0125664
-17.8667,18.5965,1.29311,0.0124093
-17.8815,18.3902,1.29311,0.0125664
-17.8952,18.1837,1.298,0.0227766
-17.908,17.9763,1.298,0.019635
-17.9195,17.7681,1.3057,0.00989604
-17.93,17.5602,1.30849,0.00958188
-17.9397,17.3501,1.30849,0.00219912
-17.9456,17.1457,1.33227,-0.00534072
-17.9535,16.9327,1.33227,-0.00534072
-17.9613,16.7195,1.33507,-0.00439824
-17.9689,16.5057,1.33227,-0.00675444
-17.9759,16.2926,1.33227,-0.00659736
-17.9827,16.0788,1.33996,-0.00644028
-17.9895,15.8645,1.34766,-0.00644028
-17.9846,15.6595,1.34766,-0.00659736
-17.9909,15.4585,1.34766,-0.00691152
-17.9976,15.2436,1.34276,-0.0070686
-18.0044,15.0288,1.34766,-0.00816816
-18.0113,14.8146,1.34766,-0.00832524
-18.0184,14.5961,1.36374,-0.00801108
-18.0255,14.3781,1.35815,-0.007854
-18.0458,14.1635,1.35815,-0.00753984
-18.0525,13.9605,1.37143,-0.00769692
-18.0597,13.7412,1.37143,-0.0100531
-18.067,13.5213,1.37703,-0.0102102
-18.0741,13.3012,1.37913,-0.00832524
-18.0812,13.0807,1.37913,-0.00722568
-18.0879,12.8601,1.38193,-0.00502656
-18.0933,12.6241,1.38193,-0.0023562
-18.0999,12.4037,1.37423,-0.00094248
-18.1065,12.184,1.39801,-0.00141372
-18.113,11.9602,1.39801,-0.00125664
-18.1192,11.7376,1.37423,-0.00094248
-18.1249,11.518,1.37423,-0.00094248
-18.1354,11.2978,1.38472,-0.00094248
-18.14,11.0761,1.39521,-0.00188496
-18.1445,10.8529,1.39521,-0.00753984
-18.1491,10.6288,1.4085,-0.0146084
-18.1537,10.4036,1.4085,-0.0155509
-18.1585,10.1782,1.4085,-0.015708
-18.1624,9.97265,1.38962,-0.0153938
-18.1671,9.76534,1.38962,-0.0150797
-18.1725,9.54343,1.38472,-0.0149226
-18.1784,9.322,1.38472,-0.0142943
-18.1846,9.10133,1.37423,-0.0124093
-18.1985,8.88452,1.38193,-0.0120952
-18.2046,8.67917,1.38193,-0.0120952
-18.2113,8.45758,1.38472,-0.0122522
-18.2182,8.2361,1.38472,-0.0141372
-18.2252,8.01455,1.38752,-0.0169646
-18.2326,7.79253,1.38752,-0.0153938
-18.2405,7.56926,1.39521,-0.0158651
-18.2486,7.34542,1.42109,-0.0153938
-18.2639,7.13866,1.42109,-0.0150797
-18.2725,6.90979,1.43997,-0.0149226
-18.2816,6.67958,1.44487,-0.00534072
-18.291,6.4485,1.44487,-0.00801108
-18.3001,6.21696,1.46095,-0.00895356
-18.3091,5.98324,1.46095,-0.00879648
-18.3257,5.77992,1.46305,-0.00879648
-18.3341,5.56259,1.46305,-0.0108385
-18.343,5.32896,1.46095,-0.0111527
-18.3518,5.0954,1.44487,-0.00973896
-18.3605,4.86446,1.44487,-0.00722568
-18.3693,4.63205,1.46095,-0.00408408
-18.3781,4.39631,1.46095,-0.00439824
-18.3872,4.17007,1.43997,-0.00486948
-18.3952,3.93977,1.41899,-0.00581196
-18.4031,3.71315,1.41899,-0.00973896
-18.4108,3.48595,1.42109,-0.013666
-18.4183,3.25847,1.42109,-0.0141372
-18.426,3.03281,1.4106,-0.0141372
-18.4341,2.80716,1.4134,-0.0142943
-18.4482,2.58306,1.4134,-0.0135089
-18.4571,2.35778,1.4057,-0.0116239
-18.4664,2.13294,1.4057,-0.0116239
-18.4759,1.90597,1.42389,-0.011781
-18.4857,1.67823,1.42948,-0.0122522
-18.4957,1.44959,1.42948,-0.0122522
-18.5062,1.22066,1.43438,-0.0114668
-18.5173,0.991531,1.42668,-0.0102102
-18.5309,0.764947,1.42668,-0.00911064
-18.5423,0.536521,1.43438,-0.00769692
-18.5538,0.307384,1.43438,-0.00911064
-18.5653,0.0784791,1.43158,-0.00973896
-18.5765,-0.150311,1.42109,-0.00722568
-18.5876,-0.377138,1.42109,-0.00675444
-18.5986,-0.604127,1.41619,-0.00675444
-18.6096,-0.83094,1.41619,-0.00612612
-18.6208,-1.0579,1.42109,-0.00675444
-18.6324,-1.28495,1.40291,-0.00816816
-18.6438,-1.5089,1.40291,-0.00958188
-18.655,-1.73098,1.37913,-0.0122522
-18.666,-1.95131,1.37913,-0.0227766
-18.6773,-2.17051,1.35605,-0.0282744
-18.6837,-2.40731,1.32178,-0.0282744
-18.6955,-2.61826,1.32178,-0.0287456
-18.7084,-2.83057,1.33507,-0.0278032
-18.7221,-3.04381,1.33507,-0.0271748
-18.7366,-3.25748,1.33996,-0.0246616
-18.7519,-3.47094,1.33227,-0.0221483
-18.7678,-3.68347,1.33227,-0.0182213
-18.786,-3.88807,1.33507,-0.0147655
-18.8031,-4.10089,1.33507,-0.00502656
-18.8202,-4.31125,1.33507,-0.00424116
-18.8376,-4.52752,1.34276,0.00534072
-18.8546,-4.7415,1.34276,0.00581196
-18.871,-4.95399,1.32178,0.00267036
-18.888,-5.16387,1.32458,0.0023562
-18.9038,-5.37517,1.32458,0.00376992
-18.9195,-5.58447,1.27982,0.0070686
-18.9347,-5.78851,1.27982,0.00455532
-18.9497,-5.99311,1.28262,-0.00926772
-18.9642,-6.1979,1.3057,-0.00534072
-18.9791,-6.40633,1.3057,-0.00644028
-18.9899,-6.61786,1.28262,-0.017593
-19.005,-6.82208,1.28262,-0.0102102
-19.0203,-7.0234,1.25604,0.0183784
-19.0355,-7.22377,1.25604,0.0386417
-19.0496,-7.42429,1.25604,0.0384846
-19.0624,-7.62597,1.26933,0.0391129
-19.0741,-7.82853,1.26933,0.0328297
-19.0922,-8.04258,1.26653,0.0336151
-19.1017,-8.24408,1.23226,0.0348718
-19.1108,-8.47567,1.23226,0.0322014
-19.1173,-8.67999,1.17771,0.0375421
-19.1221,-8.89884,1.12526,0.0348718
-19.1246,-9.12413,1.12526,0.0376992
-19.114,-9.34328,1.11687,0.0378563
-19.1115,-9.56761,1.12526,0.0419404
-19.1067,-9.79318,1.13575,0.0419404
-19.0994,-10.0202,1.13295,0.0414691
-19.0891,-10.2465,1.13295,0.0518364
-19.0758,-10.4717,1.12526,0.060947
-19.04,-10.6892,1.09099,0.0840378
-19.0208,-10.9046,1.04903,0.113569
-18.9979,-11.1131,1.04903,0.148284
-18.9689,-11.3219,0.983293,0.160693
-18.9339,-11.5292,0.915455,0.160379
-18.8897,-11.742,0.896573,0.160379
-18.8376,-11.9569,0.944129,0.168861
-18.7832,-12.1541,1.00987,0.19258
-18.7151,-12.3461,1.01476,0.218341
-18.645,-12.5365,1.01476,0.247401
-18.558,-12.741,0.912658,0.260439
-18.4658,-12.9301,0.860206,0.286828
-18.366,-13.1089,0.79167,0.318872
-18.2554,-13.3028,0.857409,0.322642
-18.1314,-13.4687,0.870697,0.322642
-17.9972,-13.6254,0.870697,0.334109
-17.8506,-13.7751,0.839226,0.344319
-17.7073,-13.9208,0.828735,0.361127
-17.5425,-14.0491,0.823141,0.376521
-17.3582,-14.1709,0.842023,0.391443
-17.1797,-14.2687,0.875592,0.396313
-16.9873,-14.3533,0.902168,0.407308
-16.7798,-14.4182,0.886083,0.41155
-16.5724,-14.4649,0.883985,0.413277
-16.3623,-14.4932,0.883985,0.413277
-16.1622,-14.5023,0.836428,0.420974
-15.9619,-14.5001,0.844121,0.443123
-15.7536,-14.4706,0.828735,0.456789
-15.5576,-14.4234,0.844121,0.456789
-15.3487,-14.3491,0.821043,0.456789
-15.1608,-14.2582,0.831533,0.456789
-14.9847,-14.1549,0.800062,0.437154
-14.8095,-14.0277,0.823141,0.398041
-14.6553,-13.8927,0.881187,0.384532
-14.5184,-13.7207,0.870697,0.384061
-14.3885,-13.5607,0.839226,0.383904
-14.2755,-13.3955,0.81265,0.383904
-14.1735,-13.217,0.823141,0.383904
-14.0805,-13.0157,0.863004,0.361755
-14.0145,-12.8229,0.894475,0.329083
-13.9585,-12.6282,0.894475,0.288713
-13.915,-12.4248,0.863004,0.225096
-13.8842,-12.2245,0.836428,0.155666
-13.8621,-12.025,0.836428,0.11781
-13.845,-11.8252,0.831533,0.100374
-13.835,-11.6232,0.857409,0.0752413
-13.8289,-11.4202,0.831533,0.0383275
-13.8256,-11.2164,0.89937,0.0281173
-13.8238,-11.0123,0.954619,0.0249757
-13.7574,-10.8127,0.954619,0.0212058
-13.7546,-10.606,0.902168,0.0141372
-13.753,-10.3901,0.89937,0.00329868
-13.7522,-10.1709,0.925946,-0.0062832
-13.7519,-9.95167,0.902168,-0.0124093
-13.7348,-9.72855,0.962312,-0.0127235
-13.7342,-9.50947,0.978397,-0.0124093
-13.7338,-9.301,0.98609,-0.0124093
-13.7331,-9.07729,0.98609,-0.0124093
-13.7322,-8.86676,0.988888,-0.0124093
-13.7306,-8.66502,1.02805,-0.0120952
-13.7266,-8.44225,1.04344,-0.0120952
-13.7244,-8.23363,1.04134,-0.0119381
-13.7222,-8.02543,1.04134,-0.0119381
-13.7201,-7.81612,1.04903,-0.011781
-13.7181,-7.6059,1.05952,-0.011781
-13.7164,-7.39094,1.05393,-0.011781
-13.7234,-7.17758,1.05393,-0.0149226
-13.7232,-6.96448,1.07001,-0.0205775
-13.7229,-6.76355,1.0833,-0.0205775
-13.7222,-6.54688,1.09869,-0.0205775
-13.7208,-6.32707,1.09869,-0.0205775
-13.7081,-6.11223,1.11197,-0.0210487
-13.7066,-5.88959,1.11477,-0.0212058
-13.7045,-5.66661,1.12246,-0.0208916
-13.7019,-5.44211,1.12246,-0.0205775
-13.6993,-5.21852,1.11687,-0.0204204
-13.6963,-4.99705,1.09589,-0.0201062
-13.6912,-4.78985,1.10428,-0.0201062
-13.6883,-4.58389,1.10428,-0.0201062
-13.685,-4.3646,1.09379,-0.0201062
-13.6813,-4.14527,1.10428,-0.0201062
-13.677,-3.92446,1.10428,-0.0201062
-13.6719,-3.69942,1.12526,-0.0201062
-13.6531,-3.47071,1.13575,-0.0201062
-13.647,-3.24271,1.15673,-0.0201062
-13.6413,-3.04215,1.15673,-0.0201062
-13.635,-2.82643,1.15673,-0.0201062
-13.629,-2.62492,1.17212,-0.0201062
-13.6223,-2.40647,1.17212,-0.019635
-13.6158,-2.20177,1.18261,-0.0194779
-13.6054,-1.98012,1.1903,-0.0193208
-13.5976,-1.77376,1.1959,-0.0193208
-13.5889,-1.5511,1.1959,-0.0191638
-13.5803,-1.34448,1.1882,-0.0186925
-13.5708,-1.12306,1.1931,-0.0186925
-13.5616,-0.916155,1.1931,-0.0183784
-13.5463,-0.705078,1.18261,-0.0183784
-13.5351,-0.484702,1.20918,-0.0182213
-13.5239,-0.274859,1.20918,-0.0180642
-13.5115,-0.0509891,1.1959,-0.0166505
-13.4994,0.156907,1.20918,-0.0144514
-13.4861,0.381236,1.20918,-0.0142943
-13.474,0.608178,1.23017,-0.0141372
-13.4617,0.8215,1.25115,-0.0103673
-13.4482,1.05378,1.25115,-0.00753984
-13.4365,1.25538,1.27213,-0.0070686
-13.4246,1.45856,1.27213,-0.00675444
-13.4125,1.66175,1.27213,-0.00581196
-13.3966,1.88186,1.26164,-0.00502656
-13.3845,2.08337,1.26164,-0.00502656
-13.3726,2.28405,1.25324,-0.00408408
-13.3607,2.48423,1.25604,-0.00094248
-13.3489,2.68479,1.25604,-0.00015708
-13.3354,2.91588,1.23017,0.00047124
-13.3232,3.12956,1.24275,0.00047124
-13.3116,3.34363,1.24275,0.00047124
-13.2992,3.5745,1.24066,0.00062832
-13.288,3.78982,1.24066,0.00094248
-13.2776,3.99102,1.26164,0.00141372
-13.2677,4.19273,1.26653,0.0015708
-13.2584,4.39513,1.26653,0.00408408
-13.2496,4.59734,1.26373,0.00502656
-13.2581,4.81018,1.23226,0.0070686
-13.2486,5.0399,1.23226,0.00738276
-13.2406,5.2401,1.26933,0.007854
-13.233,5.44307,1.26933,0.00848232
-13.2259,5.64298,1.24555,0.00958188
-13.2191,5.85974,1.25115,0.011781
-13.2076,6.07846,1.25115,0.011781
-13.2028,6.28116,1.27213,0.0119381
-13.1984,6.48465,1.25884,0.0119381
-13.1945,6.68594,1.25884,0.0119381
-13.1906,6.90208,1.23017,0.011781
-13.1871,7.13086,1.25324,0.011781
-13.1896,7.34755,1.25324,0.0114668
-13.188,7.5484,1.26164,0.0114668
-13.1873,7.75061,1.26164,0.0114668
-13.1872,7.95443,1.27982,0.0114668
-13.1878,8.15931,1.24835,0.0114668
-13.1892,8.37639,1.24835,0.0114668
-13.1944,8.58307,1.26373,0.0114668
-13.1971,8.78525,1.26373,0.00926772
-13.2005,8.98567,1.25115,-0.00439824
-13.2045,9.21774,1.24066,-0.0226195
-13.2078,9.43372,1.24066,-0.0262324
-13.2106,9.66108,1.22177,-0.0262324
-13.2127,9.87411,1.22457,-0.0262324
-13.2066,10.0804,1.22457,-0.0262324
-13.2073,10.3024,1.1903,-0.0260753
-13.2073,10.5111,1.21128,-0.0259182
-13.2064,10.7361,1.21128,-0.0252899
-13.2047,10.9362,1.25115,-0.0237191
-13.2024,11.1537,1.26373,-0.0201062
-13.1997,11.3558,1.26373,-0.0180642
-13.1835,11.561,1.28262,-0.0183784
-13.1791,11.7667,1.25115,-0.0183784
-13.1745,11.9672,1.25115,-0.0183784
-13.1689,12.1975,1.23017,-0.0183784
-13.1632,12.412,1.20639,-0.0183784
-13.1568,12.6364,1.20639,-0.0183784
-13.1479,12.8413,1.25324,-0.0183784
-13.1413,13.0416,1.25324,-0.0183784
-13.1346,13.2432,1.26373,-0.0180642
-13.1276,13.4454,1.31409,-0.0180642
-13.1198,13.6557,1.31409,-0.011781
-13.1117,13.8658,1.31409,-0.00691152
-13.1036,14.0753,1.31409,-0.0070686
-13.0944,14.2907,1.31898,-0.00926772
-13.0866,14.5016,1.32458,-0.0179071
-13.0785,14.7135,1.32458,-0.0234049
-13.0698,14.9241,1.31129,-0.0227766
-13.0605,15.1336,1.31129,-0.0226195
-13.0504,15.3454,1.32947,-0.0226195
-13.0395,15.5574,1.31898,-0.0218341
-13.0277,15.7709,1.31898,-0.0194779
-13.0153,15.9821,1.32458,-0.0164934
-13.0023,16.1935,1.35045,-0.0163363
-12.9885,16.4093,1.35045,-0.0163363
-12.9743,16.6252,1.35605,-0.0163363
-12.9597,16.8417,1.35605,-0.0163363
-12.9403,17.044,1.35045,-0.0158651
-12.9249,17.2596,1.35045,-0.0158651
-12.9089,17.4769,1.36374,-0.0158651
-12.8926,17.6951,1.38752,-0.0155509
-12.8771,17.8961,1.38752,-0.0155509
-12.8598,18.1169,1.38193,-0.0155509
-12.8418,18.3421,1.38193,-0.0153938
-12.8326,18.5534,1.36654,-0.0153938
-12.814,18.7717,1.38193,-0.0153938
-12.795,18.992,1.38193,-0.0153938
-12.7757,19.2114,1.37143,-0.0130376
-12.756,19.4299,1.37143,-0.0127235
-12.736,19.6488,1.37423,-0.0125664
-12.7158,19.8677,1.37703,-0.0100531
-12.698,20.0857,1.37703,-0.00832524
-12.6783,20.3055,1.38193,-0.00832524
-12.6588,20.5258,1.38193,-0.007854
-12.6394,20.7464,1.38472,-0.00801108
-12.62,20.9668,1.37913,-0.007854
-12.6006,21.1867,1.37913,-0.00801108
-12.5748,21.405,1.36654,-0.00769692
-12.5555,21.6223,1.34556,-0.007854
-12.5366,21.8369,1.34556,-0.00801108
-12.5181,22.0514,1.34556,-0.00801108
-12.4998,22.2659,1.34556,-0.00832524
-12.4817,22.4789,1.32947,-0.007854
-12.4784,22.6807,1.32947,-0.007854
-12.4613,22.893,1.33227,-0.00801108
-12.4445,23.1053,1.32458,-0.00738276
-12.4278,23.3166,1.32458,-0.00848232
-12.411,23.5287,1.33227,-0.0102102
-12.3945,23.7412,1.33227,-0.0102102
-12.363,23.9688,1.33227,-0.00926772
-12.346,24.1802,1.30849,-0.00486948
-12.329,24.3889,1.30849,-0.00486948
-12.3122,24.5953,1.29521,-0.003927
-12.2954,24.8024,1.28751,-0.003927
-12.2788,25.0077,1.28751,-0.00408408
-12.2624,25.2149,1.27982,-0.003927
-12.2466,25.4191,1.27982,-0.00408408
-12.2313,25.6202,1.25604,-0.00408408
-12.2164,25.8203,1.25115,-0.00424116
-12.2017,26.02,1.25115,-0.00424116
-12.1837,26.2193,1.25324,-0.00439824
-12.1693,26.4193,1.25324,-0.00424116
-12.1549,26.6206,1.26373,-0.0023562
-12.1405,26.8218,1.25324,-0.00188496
-12.1264,27.0217,1.25324,-0.00188496
-12.1117,27.2389,1.23506,0.00455532
-12.0933,27.4384,1.23226,0.00439824
-12.0792,27.6537,1.23226,0.003927
-12.065,27.8814,1.23506,0.003927
-12.052,28.0972,1.23017,0.00361284
-12.0385,28.3242,1.23017,0.00345576
-12.0268,28.5291,1.23226,0.00361284
-12.0144,28.7451,1.25115,0.0023562
-12.0032,28.9449,1.25115,0.0023562
-11.9923,29.1455,1.25884,0.00251328
-11.9819,29.3467,1.25884,0.0047124
-11.972,29.5475,1.25604,0.0047124
-11.9644,29.7553,1.23017,0.00879648
-11.9547,29.9827,1.23017,0.0100531
-11.9463,30.198,1.23017,0.0100531
-11.9385,30.425,1.23017,0.00989604
-11.9316,30.6405,1.23017,0.0103673
-11.9252,30.871,1.25115,0.0103673
-11.9083,31.0736,1.23786,0.0111527
-11.9042,31.3022,1.23786,0.0164934
-11.9013,31.5181,1.23017,0.0268607
-11.8994,31.7453,1.23017,0.0438253
-11.8992,31.9609,1.22457,0.0629891
-11.9019,32.1872,1.22457,0.0829382
-11.9011,32.3951,1.22177,0.0958188
-11.9111,32.6205,1.1903,0.0958188
-11.9248,32.8286,1.1903,0.0959759
-11.9435,33.0454,1.16443,0.0964471
-11.9652,33.2471,1.11687,0.0966042
-11.9916,33.4519,1.11687,0.113569
-12.0199,33.6592,1.0882,0.110898
-12.0566,33.8726,1.06232,0.128177
-12.0977,34.081,1.06232,0.143728
-12.1439,34.2851,1.04344,0.143414
-12.1968,34.49,1.07771,0.144042
-12.2577,34.6996,1.14065,0.143414
-12.3304,34.9048,1.14065,0.142786
-12.3993,35.0963,1.16443,0.142943
-12.4766,35.2929,1.12246,0.142314
-12.5656,35.4991,1.12526,0.127549
-12.6617,35.7024,1.12526,0.0939338
-12.7614,35.8979,1.0805,0.053093
-12.8615,36.0884,1.06232,0.0461815
-12.9646,36.2742,1.07491,0.0526218
-13.0709,36.461,1.07491,0.0691152
-13.1811,36.6488,1.09099,0.0837236
-13.2951,36.8361,1.10428,0.0983321
-13.3957,37.014,1.10428,0.0986462
-13.509,37.187,1.12246,0.109642
-13.6344,37.3692,1.09099,0.0848232
-13.7626,37.5464,1.10148,0.0736705
-13.8954,37.7221,1.10148,0.0631462
-14.0345,37.8989,1.13016,0.0636174
-14.1736,38.0567,1.11967,0.0552922
-14.3196,38.2288,1.16163,0.0380134
-14.4535,38.383,1.16163,0.0199492
-14.5959,38.5439,1.16932,0.0062832
-14.733,38.6963,1.14624,0.0070686
-14.874,38.8475,1.17771,0.00753984
-15.0142,38.9998,1.17771,0.00612612
-15.16,39.1573,1.14834,0.0
-15.2978,39.3053,1.16443,-0.00062832
-15.4444,39.4618,1.16443,-0.00062832
-15.5828,39.609,1.13785,0.00125664
-15.7337,39.7533,1.13295,0.00738276
-15.8773,39.9048,1.13295,0.0186925
-16.0337,40.0687,1.13295,0.0218341
-16.1912,40.2316,1.13295,0.0144514
-16.3498,40.3934,1.13295,0.0119381
-16.495,40.5428,1.14345,0.013666
-16.6397,40.69,1.09379,0.0168076
-16.7935,40.8454,1.12246,0.00596904
-16.952,41.0045,1.12246,0.015708
-17.0938,41.1462,1.14345,0.0328297
-17.2433,41.2939,1.13575,0.0486948
-17.4075,41.4313,1.14345,0.049166
-17.5536,41.5696,1.14345,0.0488519
-17.7078,41.7131,1.14834,0.0488519
-17.8573,41.8492,1.14345,0.0590621
-18.015,41.9898,1.14345,0.0813674
-18.1861,42.1379,1.13016,0.104144
-18.3442,42.2649,1.11477,0.113412
-18.5179,42.4047,1.11477,0.117339
-18.6969,42.5416,1.11477,0.117967
-18.8744,42.6698,1.09589,0.117967
-19.0571,42.7945,1.14624,0.117496
-19.2267,42.9041,1.14624,0.116553
-19.4036,43.0122,1.11967,0.113569
-19.5845,43.1122,1.12736,0.11404
-19.7829,43.2187,1.13295,0.114825
-19.9854,43.321,1.13295,0.114825
-20.1886,43.4164,1.11687,0.114511
-20.3757,43.4981,1.10428,0.114354
-20.5755,43.5804,1.10428,0.110427
-20.7824,43.6573,1.10428,0.100845
-20.9901,43.7286,1.09379,0.0904781
-21.1968,43.7945,1.07281,0.0827812
-21.4025,43.855,1.0882,0.0801108
-21.6218,43.9006,1.0882,0.0801108
-21.8332,43.9543,1.09099,0.0711572
-22.0458,44.0043,1.09589,0.0653453
-22.2601,44.0507,1.10638,0.0634603
-22.4772,44.094,1.10638,0.0634603
-22.6742,44.1301,1.14345,0.0631462
-22.8887,44.159,1.14834,0.0595333
-23.0891,44.1893,1.14834,0.0458674
-23.2951,44.2177,1.12526,0.0245045
-23.5171,44.2461,1.11197,0.0161792
-23.7381,44.2727,1.09589,0.0109956
-23.9572,44.3049,1.09589,0.0105244
-24.177,44.329,1.10638,0.0106814
-24.3974,44.3524,1.11197,0.0106814
-24.6191,44.3752,1.12526,0.0109956
-24.8323,44.3983,1.12526,0.0111527
-25.0554,44.4205,1.11967,0.0113098
